x[m];y[m];operacao;area.total[m2];area.mato[m2];ang.abs[deg];ang.proa[deg];dist[m];rtl[m]
0.0;0.0;y;0.0;0.0;-0.00;-0.00;0.0;0.0
0.00;0.00;p;37.21;0.29;-0.00;0.00;6.00;0.00
6.00;0.00;y;28.58;1.07;-0.00;90.00;0.00;6.00
6.00;0.00;p;118.58;0.17;90.00;0.00;9.76;6.00
6.00;9.76;p;119.79;0.94;90.00;0.00;9.76;11.45
6.00;19.51;p;118.58;1.98;90.00;0.00;9.76;20.41
6.00;29.27;p;119.79;0.56;90.00;0.00;9.76;29.88
6.00;39.02;p;118.58;1.65;90.00;0.00;9.76;39.48
6.00;48.78;p;119.79;0.75;90.00;0.00;9.76;49.15
6.00;58.54;p;118.58;0.06;90.00;0.00;9.76;58.84
6.00;68.29;p;119.79;4.61;90.00;0.00;9.76;68.56
6.00;78.05;p;119.79;0.29;90.00;0.00;9.76;78.28
6.00;87.80;p;118.58;3.39;90.00;0.00;9.76;88.01
6.00;97.56;p;119.79;1.07;90.00;0.00;9.76;97.75
6.00;107.32;p;118.58;6.69;90.00;0.00;9.76;107.48
6.00;117.07;p;119.79;1.72;90.00;0.00;9.76;117.23
6.00;126.83;p;118.58;2.30;90.00;0.00;9.76;126.97
6.00;136.59;p;119.79;1.98;90.00;0.00;9.76;136.72
6.00;146.34;p;118.58;1.38;90.00;0.00;9.76;146.46
6.00;156.10;p;119.79;1.89;90.00;0.00;9.76;156.21
6.00;165.85;p;119.79;0.00;90.00;0.00;9.76;165.96
6.00;175.61;p;118.58;2.56;90.00;0.00;9.76;175.71
6.00;185.37;p;119.79;4.33;90.00;0.00;9.76;185.46
6.00;195.12;p;118.58;0.72;90.00;0.00;9.76;195.21
6.00;204.88;p;119.79;0.64;90.00;0.00;9.76;204.97
6.00;214.63;p;118.58;1.30;90.00;0.00;9.76;214.72
6.00;224.39;p;119.79;4.18;90.00;0.00;9.76;224.47
6.00;234.15;p;119.79;0.29;90.00;0.00;9.76;234.22
6.00;243.90;p;118.58;0.62;90.00;0.00;9.76;243.98
6.00;253.66;p;119.79;3.59;90.00;0.00;9.76;253.73
6.00;263.41;p;118.58;4.19;90.00;0.00;9.76;263.48
6.00;273.17;p;119.79;2.58;90.00;0.00;9.76;273.24
6.00;282.93;p;118.58;6.45;90.00;0.00;9.76;282.99
6.00;292.68;p;119.79;5.12;90.00;0.00;9.76;292.74
6.00;302.44;p;118.58;1.67;90.00;0.00;9.76;302.50
6.00;312.20;p;119.79;2.82;90.00;0.00;9.76;312.25
6.00;321.95;p;119.79;2.31;90.00;0.00;9.76;322.01
6.00;331.71;p;118.58;2.34;90.00;0.00;9.76;331.76
6.00;341.46;p;119.79;0.29;90.00;0.00;9.76;341.52
6.00;351.22;p;118.58;5.99;90.00;0.00;9.76;351.27
6.00;360.98;p;119.79;1.67;90.00;0.00;9.76;361.03
6.00;370.73;p;118.58;0.81;90.00;0.00;9.76;370.78
6.00;380.49;p;119.79;4.93;90.00;0.00;9.76;380.54
6.00;390.24;p;119.79;4.83;90.00;0.00;9.76;390.29
6.00;400.00;y;29.15;0.00;90.00;-90.00;0.00;400.04
6.00;400.00;p;73.81;0.00;-0.00;0.00;6.00;400.04
12.00;400.00;p;73.81;0.01;-0.00;0.00;6.00;400.18
18.00;400.00;y;29.10;1.14;-0.00;-90.00;0.00;400.40
18.00;400.00;p;119.79;0.81;-90.00;0.00;9.76;400.40
18.00;390.24;p;119.79;1.32;-90.00;0.00;9.76;390.66
18.00;380.49;p;118.58;0.00;-90.00;0.00;9.76;380.91
18.00;370.73;p;119.79;1.65;-90.00;0.00;9.76;371.17
18.00;360.98;p;118.58;1.48;-90.00;0.00;9.76;361.42
18.00;351.22;p;119.79;5.68;-90.00;0.00;9.76;351.68
18.00;341.46;p;118.58;7.32;-90.00;0.00;9.76;341.94
18.00;331.71;p;119.79;0.48;-90.00;0.00;9.76;332.20
18.00;321.95;p;119.79;4.11;-90.00;0.00;9.76;322.45
18.00;312.20;p;118.58;3.58;-90.00;0.00;9.76;312.71
18.00;302.44;p;119.79;2.59;-90.00;0.00;9.76;302.97
18.00;292.68;p;118.58;4.08;-90.00;0.00;9.76;293.24
18.00;282.93;p;119.79;5.12;-90.00;0.00;9.76;283.50
18.00;273.17;p;118.58;1.13;-90.00;0.00;9.76;273.76
18.00;263.41;p;119.79;0.19;-90.00;0.00;9.76;264.03
18.00;253.66;p;118.58;2.65;-90.00;0.00;9.76;254.30
18.00;243.90;p;119.79;3.99;-90.00;0.00;9.76;244.57
18.00;234.15;p;119.79;1.41;-90.00;0.00;9.76;234.84
18.00;224.39;p;118.58;3.74;-90.00;0.00;9.76;225.11
18.00;214.63;p;119.79;2.64;-90.00;0.00;9.76;215.39
18.00;204.88;p;118.58;6.14;-90.00;0.00;9.76;205.67
18.00;195.12;p;119.79;6.25;-90.00;0.00;9.76;195.95
18.00;185.37;p;118.58;1.13;-90.00;0.00;9.76;186.24
18.00;175.61;p;119.79;0.00;-90.00;0.00;9.76;176.53
18.00;165.85;p;119.79;0.54;-90.00;0.00;9.76;166.83
18.00;156.10;p;118.58;4.79;-90.00;0.00;9.76;157.13
18.00;146.34;p;119.79;0.52;-90.00;0.00;9.76;147.44
18.00;136.59;p;118.58;0.13;-90.00;0.00;9.76;137.77
18.00;126.83;p;119.79;0.62;-90.00;0.00;9.76;128.10
18.00;117.07;p;118.58;0.52;-90.00;0.00;9.76;118.45
18.00;107.32;p;119.79;0.18;-90.00;0.00;9.76;108.82
18.00;97.56;p;118.58;3.46;-90.00;0.00;9.76;99.21
18.00;87.80;p;119.79;4.72;-90.00;0.00;9.76;89.63
18.00;78.05;p;119.79;0.00;-90.00;0.00;9.76;80.10
18.00;68.29;p;118.58;1.41;-90.00;0.00;9.76;70.62
18.00;58.54;p;119.79;0.51;-90.00;0.00;9.76;61.24
18.00;48.78;p;118.58;6.20;-90.00;0.00;9.76;52.00
18.00;39.02;p;119.79;0.91;-90.00;0.00;9.76;42.98
18.00;29.27;p;118.58;4.27;-90.00;0.00;9.76;34.36
18.00;19.51;p;119.79;2.62;-90.00;0.00;9.76;26.55
18.00;9.76;p;118.58;0.86;-90.00;0.00;9.76;20.47
18.00;0.00;y;28.62;0.00;-90.00;90.00;0.00;18.00
18.00;0.00;p;37.21;0.00;-0.00;0.00;6.00;18.00
24.00;0.00;p;37.21;0.01;-0.00;0.00;6.00;24.00
30.00;0.00;y;28.58;0.00;-0.00;90.00;0.00;30.00
30.00;0.00;p;118.58;0.49;90.00;0.00;9.76;30.00
30.00;9.76;p;119.79;2.03;90.00;0.00;9.76;31.55
30.00;19.51;p;118.58;1.79;90.00;0.00;9.76;35.79
30.00;29.27;p;119.79;0.36;90.00;0.00;9.76;41.91
30.00;39.02;p;118.58;0.19;90.00;0.00;9.76;49.22
30.00;48.78;p;119.79;0.00;90.00;0.00;9.76;57.27
30.00;58.54;p;118.58;2.21;90.00;0.00;9.76;65.78
30.00;68.29;p;119.79;7.23;90.00;0.00;9.76;74.59
30.00;78.05;p;119.79;1.22;90.00;0.00;9.76;83.62
30.00;87.80;p;118.58;1.13;90.00;0.00;9.76;92.79
30.00;97.56;p;119.79;2.13;90.00;0.00;9.76;102.07
30.00;107.32;p;118.58;2.78;90.00;0.00;9.76;111.43
30.00;117.07;p;119.79;0.43;90.00;0.00;9.76;120.86
30.00;126.83;p;118.58;7.48;90.00;0.00;9.76;130.33
30.00;136.59;p;119.79;0.68;90.00;0.00;9.76;139.84
30.00;146.34;p;118.58;3.24;90.00;0.00;9.76;149.38
30.00;156.10;p;119.79;1.13;90.00;0.00;9.76;158.95
30.00;165.85;p;119.79;1.12;90.00;0.00;9.76;168.55
30.00;175.61;p;118.58;1.36;90.00;0.00;9.76;178.15
30.00;185.37;p;119.79;2.88;90.00;0.00;9.76;187.78
30.00;195.12;p;118.58;0.49;90.00;0.00;9.76;197.41
30.00;204.88;p;119.79;3.39;90.00;0.00;9.76;207.06
30.00;214.63;p;118.58;2.56;90.00;0.00;9.76;216.72
30.00;224.39;p;119.79;5.38;90.00;0.00;9.76;226.39
30.00;234.15;p;119.79;6.50;90.00;0.00;9.76;236.06
30.00;243.90;p;118.58;11.68;90.00;0.00;9.76;245.74
30.00;253.66;p;119.79;0.23;90.00;0.00;9.76;255.43
30.00;263.41;p;118.58;0.00;90.00;0.00;9.76;265.12
30.00;273.17;p;119.79;3.47;90.00;0.00;9.76;274.81
30.00;282.93;p;118.58;0.28;90.00;0.00;9.76;284.51
30.00;292.68;p;119.79;1.11;90.00;0.00;9.76;294.22
30.00;302.44;p;118.58;0.29;90.00;0.00;9.76;303.92
30.00;312.20;p;119.79;1.16;90.00;0.00;9.76;313.63
30.00;321.95;p;119.79;3.61;90.00;0.00;9.76;323.35
30.00;331.71;p;118.58;6.01;90.00;0.00;9.76;333.06
30.00;341.46;p;119.79;2.65;90.00;0.00;9.76;342.78
30.00;351.22;p;118.58;1.04;90.00;0.00;9.76;352.50
30.00;360.98;p;119.79;2.20;90.00;0.00;9.76;362.22
30.00;370.73;p;118.58;3.44;90.00;0.00;9.76;371.94
30.00;380.49;p;119.79;2.00;90.00;0.00;9.76;381.67
30.00;390.24;p;119.79;2.63;90.00;0.00;9.76;391.40
30.00;400.00;y;29.15;1.60;90.00;-90.00;0.00;401.12
30.00;400.00;p;73.81;0.00;-0.00;0.00;6.00;401.12
36.00;400.00;p;73.81;0.71;-0.00;0.00;6.00;401.62
42.00;400.00;y;29.10;2.51;-0.00;-90.00;0.00;402.20
42.00;400.00;p;119.79;1.98;-90.00;0.00;9.76;402.20
42.00;390.24;p;119.79;1.10;-90.00;0.00;9.76;392.50
42.00;380.49;p;118.58;0.29;-90.00;0.00;9.76;382.80
42.00;370.73;p;119.79;3.06;-90.00;0.00;9.76;373.10
42.00;360.98;p;118.58;0.89;-90.00;0.00;9.76;363.41
42.00;351.22;p;119.79;3.54;-90.00;0.00;9.76;353.72
42.00;341.46;p;118.58;2.56;-90.00;0.00;9.76;344.04
42.00;331.71;p;119.79;8.31;-90.00;0.00;9.76;334.36
42.00;321.95;p;119.79;6.58;-90.00;0.00;9.76;324.68
42.00;312.20;p;118.58;0.49;-90.00;0.00;9.76;315.01
42.00;302.44;p;119.79;2.59;-90.00;0.00;9.76;305.34
42.00;292.68;p;118.58;0.46;-90.00;0.00;9.76;295.68
42.00;282.93;p;119.79;0.53;-90.00;0.00;9.76;286.03
42.00;273.17;p;118.58;1.32;-90.00;0.00;9.76;276.38
42.00;263.41;p;119.79;4.26;-90.00;0.00;9.76;266.74
42.00;253.66;p;118.58;11.45;-90.00;0.00;9.76;257.11
42.00;243.90;p;119.79;7.54;-90.00;0.00;9.76;247.49
42.00;234.15;p;119.79;2.02;-90.00;0.00;9.76;237.88
42.00;224.39;p;118.58;0.84;-90.00;0.00;9.76;228.29
42.00;214.63;p;119.79;2.11;-90.00;0.00;9.76;218.70
42.00;204.88;p;118.58;1.78;-90.00;0.00;9.76;209.14
42.00;195.12;p;119.79;0.49;-90.00;0.00;9.76;199.59
42.00;185.37;p;118.58;1.05;-90.00;0.00;9.76;190.06
42.00;175.61;p;119.79;7.00;-90.00;0.00;9.76;180.56
42.00;165.85;p;119.79;1.91;-90.00;0.00;9.76;171.09
42.00;156.10;p;118.58;2.39;-90.00;0.00;9.76;161.65
42.00;146.34;p;119.79;0.00;-90.00;0.00;9.76;152.25
42.00;136.59;p;118.58;3.39;-90.00;0.00;9.76;142.90
42.00;126.83;p;119.79;1.39;-90.00;0.00;9.76;133.60
42.00;117.07;p;118.58;0.00;-90.00;0.00;9.76;124.38
42.00;107.32;p;119.79;4.45;-90.00;0.00;9.76;115.24
42.00;97.56;p;118.58;1.96;-90.00;0.00;9.76;106.22
42.00;87.80;p;119.79;0.97;-90.00;0.00;9.76;97.33
42.00;78.05;p;119.79;13.85;-90.00;0.00;9.76;88.63
42.00;68.29;p;118.58;2.27;-90.00;0.00;9.76;80.17
42.00;58.54;p;119.79;1.18;-90.00;0.00;9.76;72.05
42.00;48.78;p;118.58;1.37;-90.00;0.00;9.76;64.37
42.00;39.02;p;119.79;0.69;-90.00;0.00;9.76;57.33
42.00;29.27;p;118.58;0.67;-90.00;0.00;9.76;51.19
42.00;19.51;p;119.79;1.57;-90.00;0.00;9.76;46.31
42.00;9.76;p;118.58;4.33;-90.00;0.00;9.76;43.12
42.00;0.00;y;28.62;0.00;-90.00;90.00;0.00;42.00
42.00;0.00;p;37.21;0.00;-0.00;0.00;6.00;42.00
48.00;0.00;p;37.21;0.59;-0.00;0.00;6.00;48.00
54.00;0.00;y;28.58;0.04;-0.00;90.00;0.00;54.00
54.00;0.00;p;118.58;0.45;90.00;0.00;9.76;54.00
54.00;9.76;p;119.79;1.32;90.00;0.00;9.76;54.87
54.00;19.51;p;118.58;5.18;90.00;0.00;9.76;57.42
54.00;29.27;p;119.79;6.58;90.00;0.00;9.76;61.42
54.00;39.02;p;118.58;0.00;90.00;0.00;9.76;66.63
54.00;48.78;p;119.79;0.00;90.00;0.00;9.76;72.77
54.00;58.54;p;118.58;0.00;90.00;0.00;9.76;79.64
54.00;68.29;p;119.79;4.30;90.00;0.00;9.76;87.06
54.00;78.05;p;119.79;0.29;90.00;0.00;9.76;94.91
54.00;87.80;p;118.58;1.23;90.00;0.00;9.76;103.08
54.00;97.56;p;119.79;0.00;90.00;0.00;9.76;111.51
54.00;107.32;p;118.58;2.13;90.00;0.00;9.76;120.14
54.00;117.07;p;119.79;0.29;90.00;0.00;9.76;128.93
54.00;126.83;p;118.58;1.42;90.00;0.00;9.76;137.85
54.00;136.59;p;119.79;0.42;90.00;0.00;9.76;146.87
54.00;146.34;p;118.58;0.64;90.00;0.00;9.76;155.99
54.00;156.10;p;119.79;4.82;90.00;0.00;9.76;165.17
54.00;165.85;p;119.79;0.13;90.00;0.00;9.76;174.42
54.00;175.61;p;118.58;0.60;90.00;0.00;9.76;183.72
54.00;185.37;p;119.79;2.32;90.00;0.00;9.76;193.07
54.00;195.12;p;118.58;0.47;90.00;0.00;9.76;202.46
54.00;204.88;p;119.79;5.13;90.00;0.00;9.76;211.87
54.00;214.63;p;118.58;0.00;90.00;0.00;9.76;221.32
54.00;224.39;p;119.79;9.38;90.00;0.00;9.76;230.80
54.00;234.15;p;119.79;2.27;90.00;0.00;9.76;240.29
54.00;243.90;p;118.58;1.29;90.00;0.00;9.76;249.81
54.00;253.66;p;119.79;0.49;90.00;0.00;9.76;259.34
54.00;263.41;p;118.58;1.18;90.00;0.00;9.76;268.89
54.00;273.17;p;119.79;3.04;90.00;0.00;9.76;278.46
54.00;282.93;p;118.58;0.08;90.00;0.00;9.76;288.03
54.00;292.68;p;119.79;0.98;90.00;0.00;9.76;297.62
54.00;302.44;p;118.58;0.83;90.00;0.00;9.76;307.22
54.00;312.20;p;119.79;4.24;90.00;0.00;9.76;316.83
54.00;321.95;p;119.79;1.65;90.00;0.00;9.76;326.45
54.00;331.71;p;118.58;1.62;90.00;0.00;9.76;336.07
54.00;341.46;p;119.79;0.84;90.00;0.00;9.76;345.71
54.00;351.22;p;118.58;2.19;90.00;0.00;9.76;355.35
54.00;360.98;p;119.79;0.30;90.00;0.00;9.76;364.99
54.00;370.73;p;118.58;7.67;90.00;0.00;9.76;374.64
54.00;380.49;p;119.79;3.83;90.00;0.00;9.76;384.30
54.00;390.24;p;119.79;0.54;90.00;0.00;9.76;393.96
54.00;400.00;y;29.15;2.96;90.00;-90.00;0.00;403.63
54.00;400.00;p;73.81;0.00;-0.00;0.00;6.00;403.63
60.00;400.00;p;73.81;0.60;-0.00;0.00;6.00;404.47
66.00;400.00;y;29.10;0.15;-0.00;-90.00;0.00;405.41
66.00;400.00;p;119.79;1.33;-90.00;0.00;9.76;405.41
66.00;390.24;p;119.79;3.11;-90.00;0.00;9.76;395.79
66.00;380.49;p;118.58;2.79;-90.00;0.00;9.76;386.17
66.00;370.73;p;119.79;1.23;-90.00;0.00;9.76;376.56
66.00;360.98;p;118.58;2.45;-90.00;0.00;9.76;366.96
66.00;351.22;p;119.79;1.70;-90.00;0.00;9.76;357.37
66.00;341.46;p;118.58;1.53;-90.00;0.00;9.76;347.78
66.00;331.71;p;119.79;0.38;-90.00;0.00;9.76;338.21
66.00;321.95;p;119.79;0.00;-90.00;0.00;9.76;328.65
66.00;312.20;p;118.58;2.33;-90.00;0.00;9.76;319.10
66.00;302.44;p;119.79;0.00;-90.00;0.00;9.76;309.56
66.00;292.68;p;118.58;5.37;-90.00;0.00;9.76;300.03
66.00;282.93;p;119.79;1.97;-90.00;0.00;9.76;290.52
66.00;273.17;p;118.58;0.50;-90.00;0.00;9.76;281.03
66.00;263.41;p;119.79;1.76;-90.00;0.00;9.76;271.56
66.00;253.66;p;118.58;1.55;-90.00;0.00;9.76;262.10
66.00;243.90;p;119.79;4.05;-90.00;0.00;9.76;252.67
66.00;234.15;p;119.79;3.46;-90.00;0.00;9.76;243.27
66.00;224.39;p;118.58;3.71;-90.00;0.00;9.76;233.90
66.00;214.63;p;119.79;2.06;-90.00;0.00;9.76;224.55
66.00;204.88;p;118.58;0.85;-90.00;0.00;9.76;215.25
66.00;195.12;p;119.79;0.98;-90.00;0.00;9.76;205.98
66.00;185.37;p;118.58;0.29;-90.00;0.00;9.76;196.77
66.00;175.61;p;119.79;0.13;-90.00;0.00;9.76;187.60
66.00;165.85;p;119.79;1.11;-90.00;0.00;9.76;178.50
66.00;156.10;p;118.58;2.75;-90.00;0.00;9.76;169.48
66.00;146.34;p;119.79;2.37;-90.00;0.00;9.76;160.54
66.00;136.59;p;118.58;0.13;-90.00;0.00;9.76;151.70
66.00;126.83;p;119.79;0.29;-90.00;0.00;9.76;142.97
66.00;117.07;p;118.58;1.51;-90.00;0.00;9.76;134.40
66.00;107.32;p;119.79;0.13;-90.00;0.00;9.76;125.99
66.00;97.56;p;118.58;4.84;-90.00;0.00;9.76;117.79
66.00;87.80;p;119.79;0.00;-90.00;0.00;9.76;109.84
66.00;78.05;p;119.79;1.76;-90.00;0.00;9.76;102.21
66.00;68.29;p;118.58;3.70;-90.00;0.00;9.76;94.97
66.00;58.54;p;119.79;0.83;-90.00;0.00;9.76;88.22
66.00;48.78;p;118.58;3.92;-90.00;0.00;9.76;82.07
66.00;39.02;p;119.79;1.34;-90.00;0.00;9.76;76.67
66.00;29.27;p;118.58;3.02;-90.00;0.00;9.76;72.20
66.00;19.51;p;119.79;3.42;-90.00;0.00;9.76;68.82
66.00;9.76;p;118.58;0.55;-90.00;0.00;9.76;66.72
66.00;0.00;y;28.62;0.00;-90.00;90.00;0.00;66.00
66.00;0.00;p;37.21;0.00;-0.00;0.00;6.00;66.00
72.00;0.00;p;37.21;0.23;-0.00;0.00;6.00;72.00
78.00;0.00;y;28.58;0.00;-0.00;90.00;0.00;78.00
78.00;0.00;p;118.58;0.00;90.00;0.00;9.76;78.00
78.00;9.76;p;119.79;0.76;90.00;0.00;9.76;78.61
78.00;19.51;p;118.58;0.72;90.00;0.00;9.76;80.40
78.00;29.27;p;119.79;2.36;90.00;0.00;9.76;83.31
78.00;39.02;p;118.58;3.46;90.00;0.00;9.76;87.22
78.00;48.78;p;119.79;0.43;90.00;0.00;9.76;92.00
78.00;58.54;p;118.58;1.15;90.00;0.00;9.76;97.52
78.00;68.29;p;119.79;1.29;90.00;0.00;9.76;103.67
78.00;78.05;p;119.79;2.69;90.00;0.00;9.76;110.34
78.00;87.80;p;118.58;0.81;90.00;0.00;9.76;117.45
78.00;97.56;p;119.79;8.32;90.00;0.00;9.76;124.91
78.00;107.32;p;118.58;1.78;90.00;0.00;9.76;132.67
78.00;117.07;p;119.79;5.92;90.00;0.00;9.76;140.68
78.00;126.83;p;118.58;0.55;90.00;0.00;9.76;148.89
78.00;136.59;p;119.79;7.19;90.00;0.00;9.76;157.29
78.00;146.34;p;118.58;0.92;90.00;0.00;9.76;165.83
78.00;156.10;p;119.79;1.03;90.00;0.00;9.76;174.50
78.00;165.85;p;119.79;0.30;90.00;0.00;9.76;183.28
78.00;175.61;p;118.58;2.50;90.00;0.00;9.76;192.15
78.00;185.37;p;119.79;1.30;90.00;0.00;9.76;201.11
78.00;195.12;p;118.58;1.40;90.00;0.00;9.76;210.13
78.00;204.88;p;119.79;0.14;90.00;0.00;9.76;219.22
78.00;214.63;p;118.58;0.55;90.00;0.00;9.76;228.37
78.00;224.39;p;119.79;2.63;90.00;0.00;9.76;237.56
78.00;234.15;p;119.79;2.36;90.00;0.00;9.76;246.80
78.00;243.90;p;118.58;2.41;90.00;0.00;9.76;256.07
78.00;253.66;p;119.79;3.00;90.00;0.00;9.76;265.38
78.00;263.41;p;118.58;0.42;90.00;0.00;9.76;274.72
78.00;273.17;p;119.79;4.75;90.00;0.00;9.76;284.09
78.00;282.93;p;118.58;5.74;90.00;0.00;9.76;293.48
78.00;292.68;p;119.79;0.81;90.00;0.00;9.76;302.90
78.00;302.44;p;118.58;3.95;90.00;0.00;9.76;312.34
78.00;312.20;p;119.79;2.01;90.00;0.00;9.76;321.79
78.00;321.95;p;119.79;6.24;90.00;0.00;9.76;331.27
78.00;331.71;p;118.58;1.71;90.00;0.00;9.76;340.75
78.00;341.46;p;119.79;0.67;90.00;0.00;9.76;350.26
78.00;351.22;p;118.58;5.22;90.00;0.00;9.76;359.78
78.00;360.98;p;119.79;3.63;90.00;0.00;9.76;369.31
78.00;370.73;p;118.58;1.00;90.00;0.00;9.76;378.85
78.00;380.49;p;119.79;0.00;90.00;0.00;9.76;388.40
78.00;390.24;p;119.79;0.95;90.00;0.00;9.76;397.96
78.00;400.00;y;29.15;0.00;90.00;-90.00;0.00;407.53
78.00;400.00;p;73.81;1.05;-0.00;0.00;6.00;407.53
84.00;400.00;p;73.81;0.00;-0.00;0.00;6.00;408.72
90.00;400.00;y;29.10;0.00;-0.00;-90.00;0.00;410.00
90.00;400.00;p;119.79;0.13;-90.00;0.00;9.76;410.00
90.00;390.24;p;119.79;4.59;-90.00;0.00;9.76;400.49
90.00;380.49;p;118.58;4.57;-90.00;0.00;9.76;390.99
90.00;370.73;p;119.79;0.00;-90.00;0.00;9.76;381.50
90.00;360.98;p;118.58;4.60;-90.00;0.00;9.76;372.03
90.00;351.22;p;119.79;1.29;-90.00;0.00;9.76;362.57
90.00;341.46;p;118.58;0.71;-90.00;0.00;9.76;353.12
90.00;331.71;p;119.79;3.83;-90.00;0.00;9.76;343.70
90.00;321.95;p;119.79;0.49;-90.00;0.00;9.76;334.29
90.00;312.20;p;118.58;1.43;-90.00;0.00;9.76;324.91
90.00;302.44;p;119.79;0.79;-90.00;0.00;9.76;315.55
90.00;292.68;p;118.58;4.38;-90.00;0.00;9.76;306.21
90.00;282.93;p;119.79;0.26;-90.00;0.00;9.76;296.90
90.00;273.17;p;118.58;1.48;-90.00;0.00;9.76;287.61
90.00;263.41;p;119.79;3.36;-90.00;0.00;9.76;278.37
90.00;253.66;p;118.58;4.98;-90.00;0.00;9.76;269.15
90.00;243.90;p;119.79;0.66;-90.00;0.00;9.76;259.98
90.00;234.15;p;119.79;10.10;-90.00;0.00;9.76;250.85
90.00;224.39;p;118.58;2.41;-90.00;0.00;9.76;241.77
90.00;214.63;p;119.79;0.58;-90.00;0.00;9.76;232.74
90.00;204.88;p;118.58;2.31;-90.00;0.00;9.76;223.77
90.00;195.12;p;119.79;1.30;-90.00;0.00;9.76;214.88
90.00;185.37;p;118.58;1.10;-90.00;0.00;9.76;206.06
90.00;175.61;p;119.79;1.49;-90.00;0.00;9.76;197.33
90.00;165.85;p;119.79;1.15;-90.00;0.00;9.76;188.70
90.00;156.10;p;118.58;2.41;-90.00;0.00;9.76;180.18
90.00;146.34;p;119.79;4.48;-90.00;0.00;9.76;171.80
90.00;136.59;p;118.58;5.33;-90.00;0.00;9.76;163.57
90.00;126.83;p;119.79;6.83;-90.00;0.00;9.76;155.52
90.00;117.07;p;118.58;3.59;-90.00;0.00;9.76;147.67
90.00;107.32;p;119.79;0.81;-90.00;0.00;9.76;140.06
90.00;97.56;p;118.58;8.21;-90.00;0.00;9.76;132.73
90.00;87.80;p;119.79;2.35;-90.00;0.00;9.76;125.74
90.00;78.05;p;119.79;0.01;-90.00;0.00;9.76;119.13
90.00;68.29;p;118.58;10.44;-90.00;0.00;9.76;112.98
90.00;58.54;p;119.79;2.49;-90.00;0.00;9.76;107.36
90.00;48.78;p;118.58;3.77;-90.00;0.00;9.76;102.37
90.00;39.02;p;119.79;2.75;-90.00;0.00;9.76;98.10
90.00;29.27;p;118.58;1.99;-90.00;0.00;9.76;94.64
90.00;19.51;p;119.79;2.55;-90.00;0.00;9.76;92.09
90.00;9.76;p;118.58;1.15;-90.00;0.00;9.76;90.53
90.00;0.00;y;28.62;0.00;-90.00;90.00;0.00;90.00
90.00;0.00;p;37.21;0.00;-0.00;0.00;6.00;90.00
96.00;0.00;p;37.21;3.77;-0.00;0.00;6.00;96.00
102.00;0.00;y;28.58;0.08;-0.00;90.00;0.00;102.00
102.00;0.00;p;118.58;2.03;90.00;0.00;9.76;102.00
102.00;9.76;p;119.79;7.21;90.00;0.00;9.76;102.47
102.00;19.51;p;118.58;0.00;90.00;0.00;9.76;103.85
102.00;29.27;p;119.79;0.54;90.00;0.00;9.76;106.12
102.00;39.02;p;118.58;1.49;90.00;0.00;9.76;109.21
102.00;48.78;p;119.79;0.00;90.00;0.00;9.76;113.06
102.00;58.54;p;118.58;4.54;90.00;0.00;9.76;117.60
102.00;68.29;p;119.79;4.96;90.00;0.00;9.76;122.75
102.00;78.05;p;119.79;1.77;90.00;0.00;9.76;128.44
102.00;87.80;p;118.58;8.13;90.00;0.00;9.76;134.59
102.00;97.56;p;119.79;7.59;90.00;0.00;9.76;141.15
102.00;107.32;p;118.58;1.30;90.00;0.00;9.76;148.06
102.00;117.07;p;119.79;1.84;90.00;0.00;9.76;155.27
102.00;126.83;p;118.58;2.17;90.00;0.00;9.76;162.76
102.00;136.59;p;119.79;3.41;90.00;0.00;9.76;170.47
102.00;146.34;p;118.58;2.05;90.00;0.00;9.76;178.38
102.00;156.10;p;119.79;0.24;90.00;0.00;9.76;186.47
102.00;165.85;p;119.79;3.95;90.00;0.00;9.76;194.71
102.00;175.61;p;118.58;0.08;90.00;0.00;9.76;203.08
102.00;185.37;p;119.79;0.00;90.00;0.00;9.76;211.58
102.00;195.12;p;118.58;2.24;90.00;0.00;9.76;220.17
102.00;204.88;p;119.79;1.61;90.00;0.00;9.76;228.86
102.00;214.63;p;118.58;0.67;90.00;0.00;9.76;237.64
102.00;224.39;p;119.79;0.90;90.00;0.00;9.76;246.49
102.00;234.15;p;119.79;2.11;90.00;0.00;9.76;255.40
102.00;243.90;p;118.58;2.43;90.00;0.00;9.76;264.37
102.00;253.66;p;119.79;0.19;90.00;0.00;9.76;273.40
102.00;263.41;p;118.58;10.45;90.00;0.00;9.76;282.47
102.00;273.17;p;119.79;5.53;90.00;0.00;9.76;291.59
102.00;282.93;p;118.58;1.17;90.00;0.00;9.76;300.75
102.00;292.68;p;119.79;0.28;90.00;0.00;9.76;309.95
102.00;302.44;p;118.58;2.15;90.00;0.00;9.76;319.18
102.00;312.20;p;119.79;0.00;90.00;0.00;9.76;328.44
102.00;321.95;p;119.79;2.62;90.00;0.00;9.76;337.72
102.00;331.71;p;118.58;1.75;90.00;0.00;9.76;347.04
102.00;341.46;p;119.79;0.05;90.00;0.00;9.76;356.37
102.00;351.22;p;118.58;0.00;90.00;0.00;9.76;365.73
102.00;360.98;p;119.79;2.53;90.00;0.00;9.76;375.11
102.00;370.73;p;118.58;3.56;90.00;0.00;9.76;384.51
102.00;380.49;p;119.79;1.13;90.00;0.00;9.76;393.92
102.00;390.24;p;119.79;1.89;90.00;0.00;9.76;403.35
102.00;400.00;y;29.15;0.00;90.00;-90.00;0.00;412.80
102.00;400.00;p;73.81;0.00;-0.00;0.00;6.00;412.80
108.00;400.00;p;73.81;1.38;-0.00;0.00;6.00;414.32
114.00;400.00;y;29.10;0.00;-0.00;-90.00;0.00;415.93
114.00;400.00;p;119.79;4.45;-90.00;0.00;9.76;415.93
114.00;390.24;p;119.79;2.09;-90.00;0.00;9.76;406.55
114.00;380.49;p;118.58;0.10;-90.00;0.00;9.76;397.20
114.00;370.73;p;119.79;0.87;-90.00;0.00;9.76;387.86
114.00;360.98;p;118.58;4.79;-90.00;0.00;9.76;378.55
114.00;351.22;p;119.79;0.67;-90.00;0.00;9.76;369.26
114.00;341.46;p;118.58;0.13;-90.00;0.00;9.76;359.99
114.00;331.71;p;119.79;0.47;-90.00;0.00;9.76;350.75
114.00;321.95;p;119.79;8.63;-90.00;0.00;9.76;341.54
114.00;312.20;p;118.58;3.28;-90.00;0.00;9.76;332.36
114.00;302.44;p;119.79;1.82;-90.00;0.00;9.76;323.21
114.00;292.68;p;118.58;2.27;-90.00;0.00;9.76;314.10
114.00;282.93;p;119.79;0.68;-90.00;0.00;9.76;305.03
114.00;273.17;p;118.58;1.97;-90.00;0.00;9.76;296.00
114.00;263.41;p;119.79;0.00;-90.00;0.00;9.76;287.02
114.00;253.66;p;118.58;3.24;-90.00;0.00;9.76;278.10
114.00;243.90;p;119.79;4.97;-90.00;0.00;9.76;269.23
114.00;234.15;p;119.79;5.33;-90.00;0.00;9.76;260.42
114.00;224.39;p;118.58;0.05;-90.00;0.00;9.76;251.69
114.00;214.63;p;119.79;0.60;-90.00;0.00;9.76;243.03
114.00;204.88;p;118.58;1.99;-90.00;0.00;9.76;234.46
114.00;195.12;p;119.79;4.39;-90.00;0.00;9.76;225.98
114.00;185.37;p;118.58;2.83;-90.00;0.00;9.76;217.62
114.00;175.61;p;119.79;2.84;-90.00;0.00;9.76;209.37
114.00;165.85;p;119.79;0.29;-90.00;0.00;9.76;201.25
114.00;156.10;p;118.58;2.45;-90.00;0.00;9.76;193.29
114.00;146.34;p;119.79;1.18;-90.00;0.00;9.76;185.50
114.00;136.59;p;118.58;1.66;-90.00;0.00;9.76;177.91
114.00;126.83;p;119.79;2.07;-90.00;0.00;9.76;170.53
114.00;117.07;p;118.58;2.54;-90.00;0.00;9.76;163.41
114.00;107.32;p;119.79;3.64;-90.00;0.00;9.76;156.57
114.00;97.56;p;118.58;0.29;-90.00;0.00;9.76;150.05
114.00;87.80;p;119.79;1.50;-90.00;0.00;9.76;143.89
114.00;78.05;p;119.79;0.26;-90.00;0.00;9.76;138.16
114.00;68.29;p;118.58;2.62;-90.00;0.00;9.76;132.89
114.00;58.54;p;119.79;1.33;-90.00;0.00;9.76;128.15
114.00;48.78;p;118.58;0.21;-90.00;0.00;9.76;124.00
114.00;39.02;p;119.79;8.07;-90.00;0.00;9.76;120.49
114.00;29.27;p;118.58;0.18;-90.00;0.00;9.76;117.70
114.00;19.51;p;119.79;1.15;-90.00;0.00;9.76;115.66
114.00;9.76;p;118.58;0.76;-90.00;0.00;9.76;114.42
114.00;0.00;y;28.62;0.00;-90.00;90.00;0.00;114.00
114.00;0.00;p;37.21;0.00;-0.00;0.00;6.00;114.00
120.00;0.00;p;37.21;1.78;-0.00;0.00;6.00;120.00
126.00;0.00;y;28.58;0.82;-0.00;90.00;0.00;126.00
126.00;0.00;p;118.58;1.12;90.00;0.00;9.76;126.00
126.00;9.76;p;119.79;4.16;90.00;0.00;9.76;126.38
126.00;19.51;p;118.58;1.50;90.00;0.00;9.76;127.50
126.00;29.27;p;119.79;11.15;90.00;0.00;9.76;129.35
126.00;39.02;p;118.58;3.18;90.00;0.00;9.76;131.90
126.00;48.78;p;119.79;0.67;90.00;0.00;9.76;135.11
126.00;58.54;p;118.58;5.43;90.00;0.00;9.76;138.93
126.00;68.29;p;119.79;4.52;90.00;0.00;9.76;143.32
126.00;78.05;p;119.79;0.60;90.00;0.00;9.76;148.21
126.00;87.80;p;118.58;3.34;90.00;0.00;9.76;153.58
126.00;97.56;p;119.79;0.29;90.00;0.00;9.76;159.36
126.00;107.32;p;118.58;1.23;90.00;0.00;9.76;165.51
126.00;117.07;p;119.79;0.18;90.00;0.00;9.76;171.99
126.00;126.83;p;118.58;0.55;90.00;0.00;9.76;178.78
126.00;136.59;p;119.79;0.13;90.00;0.00;9.76;185.83
126.00;146.34;p;118.58;1.17;90.00;0.00;9.76;193.11
126.00;156.10;p;119.79;1.01;90.00;0.00;9.76;200.61
126.00;165.85;p;119.79;0.73;90.00;0.00;9.76;208.29
126.00;175.61;p;118.58;0.92;90.00;0.00;9.76;216.14
126.00;185.37;p;119.79;3.73;90.00;0.00;9.76;224.14
126.00;195.12;p;118.58;3.72;90.00;0.00;9.76;232.27
126.00;204.88;p;119.79;0.57;90.00;0.00;9.76;240.52
126.00;214.63;p;118.58;4.78;90.00;0.00;9.76;248.89
126.00;224.39;p;119.79;2.34;90.00;0.00;9.76;257.35
126.00;234.15;p;119.79;0.40;90.00;0.00;9.76;265.90
126.00;243.90;p;118.58;4.70;90.00;0.00;9.76;274.53
126.00;253.66;p;119.79;0.67;90.00;0.00;9.76;283.23
126.00;263.41;p;118.58;0.86;90.00;0.00;9.76;292.00
126.00;273.17;p;119.79;9.45;90.00;0.00;9.76;300.83
126.00;282.93;p;118.58;12.98;90.00;0.00;9.76;309.72
126.00;292.68;p;119.79;2.02;90.00;0.00;9.76;318.65
126.00;302.44;p;118.58;1.23;90.00;0.00;9.76;327.64
126.00;312.20;p;119.79;3.27;90.00;0.00;9.76;336.66
126.00;321.95;p;119.79;1.20;90.00;0.00;9.76;345.73
126.00;331.71;p;118.58;1.10;90.00;0.00;9.76;354.83
126.00;341.46;p;119.79;1.49;90.00;0.00;9.76;363.97
126.00;351.22;p;118.58;3.53;90.00;0.00;9.76;373.14
126.00;360.98;p;119.79;2.18;90.00;0.00;9.76;382.33
126.00;370.73;p;118.58;0.00;90.00;0.00;9.76;391.56
126.00;380.49;p;119.79;0.29;90.00;0.00;9.76;400.81
126.00;390.24;p;119.79;0.62;90.00;0.00;9.76;410.08
126.00;400.00;y;29.15;0.00;90.00;-90.00;0.00;419.38
126.00;400.00;p;73.81;0.29;-0.00;0.00;6.00;419.38
132.00;400.00;p;73.81;0.29;-0.00;0.00;6.00;421.22
138.00;400.00;y;29.10;0.00;-0.00;-90.00;0.00;423.14
138.00;400.00;p;119.79;0.00;-90.00;0.00;9.76;423.14
138.00;390.24;p;119.79;0.58;-90.00;0.00;9.76;413.93
138.00;380.49;p;118.58;0.13;-90.00;0.00;9.76;404.74
138.00;370.73;p;119.79;2.65;-90.00;0.00;9.76;395.58
138.00;360.98;p;118.58;5.27;-90.00;0.00;9.76;386.45
138.00;351.22;p;119.79;0.56;-90.00;0.00;9.76;377.36
138.00;341.46;p;118.58;2.76;-90.00;0.00;9.76;368.30
138.00;331.71;p;119.79;0.00;-90.00;0.00;9.76;359.27
138.00;321.95;p;119.79;9.97;-90.00;0.00;9.76;350.28
138.00;312.20;p;118.58;5.19;-90.00;0.00;9.76;341.34
138.00;302.44;p;119.79;4.64;-90.00;0.00;9.76;332.44
138.00;292.68;p;118.58;5.48;-90.00;0.00;9.76;323.59
138.00;282.93;p;119.79;0.18;-90.00;0.00;9.76;314.79
138.00;273.17;p;118.58;0.00;-90.00;0.00;9.76;306.05
138.00;263.41;p;119.79;2.46;-90.00;0.00;9.76;297.37
138.00;253.66;p;118.58;5.29;-90.00;0.00;9.76;288.77
138.00;243.90;p;119.79;1.75;-90.00;0.00;9.76;280.24
138.00;234.15;p;119.79;1.08;-90.00;0.00;9.76;271.79
138.00;224.39;p;118.58;1.84;-90.00;0.00;9.76;263.43
138.00;214.63;p;119.79;3.73;-90.00;0.00;9.76;255.17
138.00;204.88;p;118.58;1.65;-90.00;0.00;9.76;247.02
138.00;195.12;p;119.79;0.04;-90.00;0.00;9.76;238.99
138.00;185.37;p;118.58;3.07;-90.00;0.00;9.76;231.09
138.00;175.61;p;119.79;0.39;-90.00;0.00;9.76;223.34
138.00;165.85;p;119.79;4.30;-90.00;0.00;9.76;215.76
138.00;156.10;p;118.58;0.00;-90.00;0.00;9.76;208.35
138.00;146.34;p;119.79;1.57;-90.00;0.00;9.76;201.15
138.00;136.59;p;118.58;0.13;-90.00;0.00;9.76;194.16
138.00;126.83;p;119.79;0.95;-90.00;0.00;9.76;187.43
138.00;117.07;p;118.58;0.49;-90.00;0.00;9.76;180.97
138.00;107.32;p;119.79;0.00;-90.00;0.00;9.76;174.82
138.00;97.56;p;118.58;1.91;-90.00;0.00;9.76;169.00
138.00;87.80;p;119.79;6.18;-90.00;0.00;9.76;163.57
138.00;78.05;p;119.79;0.05;-90.00;0.00;9.76;158.54
138.00;68.29;p;118.58;0.98;-90.00;0.00;9.76;153.97
138.00;58.54;p;119.79;7.55;-90.00;0.00;9.76;149.90
138.00;48.78;p;118.58;4.04;-90.00;0.00;9.76;146.37
138.00;39.02;p;119.79;0.46;-90.00;0.00;9.76;143.41
138.00;29.27;p;118.58;0.82;-90.00;0.00;9.76;141.07
138.00;19.51;p;119.79;3.85;-90.00;0.00;9.76;139.37
138.00;9.76;p;118.58;0.29;-90.00;0.00;9.76;138.34
138.00;0.00;y;28.62;0.00;-90.00;90.00;0.00;138.00
138.00;0.00;p;37.21;0.00;-0.00;0.00;6.00;138.00
144.00;0.00;p;37.21;0.62;-0.00;0.00;6.00;144.00
150.00;0.00;y;28.58;1.43;-0.00;90.00;0.00;150.00
150.00;0.00;p;118.58;0.10;90.00;0.00;9.76;150.00
150.00;9.76;p;119.79;0.13;90.00;0.00;9.76;150.32
150.00;19.51;p;118.58;3.65;90.00;0.00;9.76;151.26
150.00;29.27;p;119.79;0.43;90.00;0.00;9.76;152.83
150.00;39.02;p;118.58;4.09;90.00;0.00;9.76;154.99
150.00;48.78;p;119.79;2.25;90.00;0.00;9.76;157.73
150.00;58.54;p;118.58;3.53;90.00;0.00;9.76;161.02
150.00;68.29;p;119.79;1.23;90.00;0.00;9.76;164.81
150.00;78.05;p;119.79;1.66;90.00;0.00;9.76;169.09
150.00;87.80;p;118.58;0.96;90.00;0.00;9.76;173.81
150.00;97.56;p;119.79;0.91;90.00;0.00;9.76;178.94
150.00;107.32;p;118.58;0.67;90.00;0.00;9.76;184.44
150.00;117.07;p;119.79;0.73;90.00;0.00;9.76;190.28
150.00;126.83;p;118.58;0.36;90.00;0.00;9.76;196.43
150.00;136.59;p;119.79;8.27;90.00;0.00;9.76;202.87
150.00;146.34;p;118.58;1.05;90.00;0.00;9.76;209.56
150.00;156.10;p;119.79;0.90;90.00;0.00;9.76;216.49
150.00;165.85;p;119.79;0.30;90.00;0.00;9.76;223.62
150.00;175.61;p;118.58;0.54;90.00;0.00;9.76;230.95
150.00;185.37;p;119.79;2.78;90.00;0.00;9.76;238.45
150.00;195.12;p;118.58;0.33;90.00;0.00;9.76;246.11
150.00;204.88;p;119.79;2.44;90.00;0.00;9.76;253.92
150.00;214.63;p;118.58;1.44;90.00;0.00;9.76;261.85
150.00;224.39;p;119.79;1.35;90.00;0.00;9.76;269.91
150.00;234.15;p;119.79;2.61;90.00;0.00;9.76;278.07
150.00;243.90;p;118.58;1.64;90.00;0.00;9.76;286.34
150.00;253.66;p;119.79;1.54;90.00;0.00;9.76;294.69
150.00;263.41;p;118.58;0.71;90.00;0.00;9.76;303.13
150.00;273.17;p;119.79;3.63;90.00;0.00;9.76;311.64
150.00;282.93;p;118.58;1.47;90.00;0.00;9.76;320.23
150.00;292.68;p;119.79;1.38;90.00;0.00;9.76;328.88
150.00;302.44;p;118.58;0.65;90.00;0.00;9.76;337.59
150.00;312.20;p;119.79;3.94;90.00;0.00;9.76;346.36
150.00;321.95;p;119.79;1.49;90.00;0.00;9.76;355.18
150.00;331.71;p;118.58;4.06;90.00;0.00;9.76;364.05
150.00;341.46;p;119.79;0.76;90.00;0.00;9.76;372.96
150.00;351.22;p;118.58;0.26;90.00;0.00;9.76;381.91
150.00;360.98;p;119.79;4.85;90.00;0.00;9.76;390.90
150.00;370.73;p;118.58;2.01;90.00;0.00;9.76;399.93
150.00;380.49;p;119.79;2.98;90.00;0.00;9.76;408.99
150.00;390.24;p;119.79;1.45;90.00;0.00;9.76;418.08
150.00;400.00;y;29.15;0.01;90.00;-90.00;0.00;427.20
150.00;400.00;p;73.81;0.68;-0.00;0.00;6.00;427.20
156.00;400.00;p;73.81;2.99;-0.00;0.00;6.00;429.34
162.00;400.00;y;29.10;2.83;-0.00;-90.00;0.00;431.56
162.00;400.00;p;119.79;1.12;-90.00;0.00;9.76;431.56
162.00;390.24;p;119.79;2.76;-90.00;0.00;9.76;422.53
162.00;380.49;p;118.58;0.29;-90.00;0.00;9.76;413.54
162.00;370.73;p;119.79;1.73;-90.00;0.00;9.76;404.58
162.00;360.98;p;118.58;0.39;-90.00;0.00;9.76;395.66
162.00;351.22;p;119.79;2.38;-90.00;0.00;9.76;386.78
162.00;341.46;p;118.58;0.79;-90.00;0.00;9.76;377.94
162.00;331.71;p;119.79;6.20;-90.00;0.00;9.76;369.15
162.00;321.95;p;119.79;5.47;-90.00;0.00;9.76;360.41
162.00;312.20;p;118.58;2.66;-90.00;0.00;9.76;351.72
162.00;302.44;p;119.79;0.00;-90.00;0.00;9.76;343.09
162.00;292.68;p;118.58;6.70;-90.00;0.00;9.76;334.53
162.00;282.93;p;119.79;8.98;-90.00;0.00;9.76;326.02
162.00;273.17;p;118.58;0.60;-90.00;0.00;9.76;317.59
162.00;263.41;p;119.79;0.68;-90.00;0.00;9.76;309.24
162.00;253.66;p;118.58;2.61;-90.00;0.00;9.76;300.98
162.00;243.90;p;119.79;4.50;-90.00;0.00;9.76;292.80
162.00;234.15;p;119.79;3.14;-90.00;0.00;9.76;284.73
162.00;224.39;p;118.58;2.97;-90.00;0.00;9.76;276.76
162.00;214.63;p;119.79;0.78;-90.00;0.00;9.76;268.91
162.00;204.88;p;118.58;2.07;-90.00;0.00;9.76;261.19
162.00;195.12;p;119.79;0.00;-90.00;0.00;9.76;253.61
162.00;185.37;p;118.58;2.51;-90.00;0.00;9.76;246.18
162.00;175.61;p;119.79;2.11;-90.00;0.00;9.76;238.92
162.00;165.85;p;119.79;2.96;-90.00;0.00;9.76;231.84
162.00;156.10;p;118.58;1.72;-90.00;0.00;9.76;224.97
162.00;146.34;p;119.79;1.86;-90.00;0.00;9.76;218.31
162.00;136.59;p;118.58;2.85;-90.00;0.00;9.76;211.90
162.00;126.83;p;119.79;0.29;-90.00;0.00;9.76;205.74
162.00;117.07;p;118.58;3.28;-90.00;0.00;9.76;199.88
162.00;107.32;p;119.79;0.79;-90.00;0.00;9.76;194.32
162.00;97.56;p;118.58;0.77;-90.00;0.00;9.76;189.11
162.00;87.80;p;119.79;1.47;-90.00;0.00;9.76;184.27
162.00;78.05;p;119.79;0.78;-90.00;0.00;9.76;179.82
162.00;68.29;p;118.58;1.31;-90.00;0.00;9.76;175.81
162.00;58.54;p;119.79;6.04;-90.00;0.00;9.76;172.25
162.00;48.78;p;118.58;0.49;-90.00;0.00;9.76;169.18
162.00;39.02;p;119.79;4.04;-90.00;0.00;9.76;166.63
162.00;29.27;p;118.58;2.93;-90.00;0.00;9.76;164.62
162.00;19.51;p;119.79;5.10;-90.00;0.00;9.76;163.17
162.00;9.76;p;118.58;1.73;-90.00;0.00;9.76;162.29
162.00;0.00;y;28.62;0.00;-90.00;90.00;0.00;162.00
162.00;0.00;p;37.21;0.00;-0.00;0.00;6.00;162.00
168.00;0.00;p;37.21;0.47;-0.00;0.00;6.00;168.00
174.00;0.00;y;28.58;0.16;-0.00;90.00;0.00;174.00
174.00;0.00;p;118.58;0.63;90.00;0.00;9.76;174.00
174.00;9.76;p;119.79;5.48;90.00;0.00;9.76;174.27
174.00;19.51;p;118.58;1.08;90.00;0.00;9.76;175.09
174.00;29.27;p;119.79;2.87;90.00;0.00;9.76;176.44
174.00;39.02;p;118.58;3.66;90.00;0.00;9.76;178.32
174.00;48.78;p;119.79;0.49;90.00;0.00;9.76;180.71
174.00;58.54;p;118.58;0.53;90.00;0.00;9.76;183.58
174.00;68.29;p;119.79;3.18;90.00;0.00;9.76;186.92
174.00;78.05;p;119.79;1.66;90.00;0.00;9.76;190.70
174.00;87.80;p;118.58;0.00;90.00;0.00;9.76;194.90
174.00;97.56;p;119.79;7.32;90.00;0.00;9.76;199.48
174.00;107.32;p;118.58;1.80;90.00;0.00;9.76;204.43
174.00;117.07;p;119.79;1.40;90.00;0.00;9.76;209.72
174.00;126.83;p;118.58;5.45;90.00;0.00;9.76;215.32
174.00;136.59;p;119.79;9.82;90.00;0.00;9.76;221.20
174.00;146.34;p;118.58;16.34;90.00;0.00;9.76;227.36
174.00;156.10;p;119.79;3.51;90.00;0.00;9.76;233.76
174.00;165.85;p;119.79;0.13;90.00;0.00;9.76;240.38
174.00;175.61;p;118.58;1.86;90.00;0.00;9.76;247.21
174.00;185.37;p;119.79;6.23;90.00;0.00;9.76;254.24
174.00;195.12;p;118.58;2.52;90.00;0.00;9.76;261.44
174.00;204.88;p;119.79;2.17;90.00;0.00;9.76;268.80
174.00;214.63;p;118.58;1.62;90.00;0.00;9.76;276.30
174.00;224.39;p;119.79;0.05;90.00;0.00;9.76;283.95
174.00;234.15;p;119.79;0.42;90.00;0.00;9.76;291.72
174.00;243.90;p;118.58;1.88;90.00;0.00;9.76;299.61
174.00;253.66;p;119.79;5.56;90.00;0.00;9.76;307.60
174.00;263.41;p;118.58;1.16;90.00;0.00;9.76;315.69
174.00;273.17;p;119.79;1.62;90.00;0.00;9.76;323.88
174.00;282.93;p;118.58;1.80;90.00;0.00;9.76;332.15
174.00;292.68;p;119.79;0.29;90.00;0.00;9.76;340.50
174.00;302.44;p;118.58;0.58;90.00;0.00;9.76;348.92
174.00;312.20;p;119.79;0.01;90.00;0.00;9.76;357.41
174.00;321.95;p;119.79;0.00;90.00;0.00;9.76;365.96
174.00;331.71;p;118.58;0.14;90.00;0.00;9.76;374.57
174.00;341.46;p;119.79;1.64;90.00;0.00;9.76;383.24
174.00;351.22;p;118.58;2.02;90.00;0.00;9.76;391.96
174.00;360.98;p;119.79;0.93;90.00;0.00;9.76;400.72
174.00;370.73;p;118.58;0.51;90.00;0.00;9.76;409.53
174.00;380.49;p;119.79;3.78;90.00;0.00;9.76;418.39
174.00;390.24;p;119.79;4.06;90.00;0.00;9.76;427.28
174.00;400.00;y;29.15;0.00;90.00;-90.00;0.00;436.21
174.00;400.00;p;73.81;1.27;-0.00;0.00;6.00;436.21
180.00;400.00;p;73.81;0.18;-0.00;0.00;6.00;438.63
186.00;400.00;y;29.10;0.81;-0.00;-90.00;0.00;441.13
186.00;400.00;p;119.79;0.48;-90.00;0.00;9.76;441.13
186.00;390.24;p;119.79;5.35;-90.00;0.00;9.76;432.30
186.00;380.49;p;118.58;0.56;-90.00;0.00;9.76;423.52
186.00;370.73;p;119.79;4.93;-90.00;0.00;9.76;414.77
186.00;360.98;p;118.58;2.40;-90.00;0.00;9.76;406.08
186.00;351.22;p;119.79;3.29;-90.00;0.00;9.76;397.43
186.00;341.46;p;118.58;0.56;-90.00;0.00;9.76;388.84
186.00;331.71;p;119.79;5.68;-90.00;0.00;9.76;380.30
186.00;321.95;p;119.79;3.28;-90.00;0.00;9.76;371.82
186.00;312.20;p;118.58;1.77;-90.00;0.00;9.76;363.40
186.00;302.44;p;119.79;5.29;-90.00;0.00;9.76;355.06
186.00;292.68;p;118.58;1.49;-90.00;0.00;9.76;346.78
186.00;282.93;p;119.79;0.30;-90.00;0.00;9.76;338.59
186.00;273.17;p;118.58;0.86;-90.00;0.00;9.76;330.48
186.00;263.41;p;119.79;1.83;-90.00;0.00;9.76;322.46
186.00;253.66;p;118.58;1.43;-90.00;0.00;9.76;314.55
186.00;243.90;p;119.79;2.19;-90.00;0.00;9.76;306.73
186.00;234.15;p;119.79;7.14;-90.00;0.00;9.76;299.03
186.00;224.39;p;118.58;0.30;-90.00;0.00;9.76;291.46
186.00;214.63;p;119.79;1.85;-90.00;0.00;9.76;284.01
186.00;204.88;p;118.58;1.15;-90.00;0.00;9.76;276.71
186.00;195.12;p;119.79;2.53;-90.00;0.00;9.76;269.57
186.00;185.37;p;118.58;1.65;-90.00;0.00;9.76;262.60
186.00;175.61;p;119.79;1.04;-90.00;0.00;9.76;255.80
186.00;165.85;p;119.79;5.50;-90.00;0.00;9.76;249.21
186.00;156.10;p;118.58;4.45;-90.00;0.00;9.76;242.82
186.00;146.34;p;119.79;1.42;-90.00;0.00;9.76;236.67
186.00;136.59;p;118.58;0.13;-90.00;0.00;9.76;230.76
186.00;126.83;p;119.79;1.14;-90.00;0.00;9.76;225.13
186.00;117.07;p;118.58;1.13;-90.00;0.00;9.76;219.78
186.00;107.32;p;119.79;5.35;-90.00;0.00;9.76;214.74
186.00;97.56;p;118.58;0.65;-90.00;0.00;9.76;210.03
186.00;87.80;p;119.79;7.22;-90.00;0.00;9.76;205.68
186.00;78.05;p;119.79;4.31;-90.00;0.00;9.76;201.71
186.00;68.29;p;118.58;4.40;-90.00;0.00;9.76;198.14
186.00;58.54;p;119.79;1.69;-90.00;0.00;9.76;194.99
186.00;48.78;p;118.58;0.79;-90.00;0.00;9.76;192.29
186.00;39.02;p;119.79;1.96;-90.00;0.00;9.76;190.05
186.00;29.27;p;118.58;0.29;-90.00;0.00;9.76;188.29
186.00;19.51;p;119.79;3.17;-90.00;0.00;9.76;187.02
186.00;9.76;p;118.58;0.17;-90.00;0.00;9.76;186.26
186.00;0.00;y;28.62;0.00;-90.00;90.00;0.00;186.00
186.00;0.00;p;37.21;0.00;-0.00;0.00;6.00;186.00
192.00;0.00;p;37.21;0.00;-0.00;0.00;6.00;192.00
198.00;0.00;y;28.58;0.00;-0.00;90.00;0.00;198.00
198.00;0.00;p;118.58;0.00;90.00;0.00;9.76;198.00
198.00;9.76;p;119.79;1.58;90.00;0.00;9.76;198.24
198.00;19.51;p;118.58;0.29;90.00;0.00;9.76;198.96
198.00;29.27;p;119.79;0.59;90.00;0.00;9.76;200.15
198.00;39.02;p;118.58;4.63;90.00;0.00;9.76;201.81
198.00;48.78;p;119.79;1.55;90.00;0.00;9.76;203.92
198.00;58.54;p;118.58;3.71;90.00;0.00;9.76;206.47
198.00;68.29;p;119.79;2.11;90.00;0.00;9.76;209.45
198.00;78.05;p;119.79;1.81;90.00;0.00;9.76;212.83
198.00;87.80;p;118.58;0.11;90.00;0.00;9.76;216.60
198.00;97.56;p;119.79;0.40;90.00;0.00;9.76;220.73
198.00;107.32;p;118.58;3.82;90.00;0.00;9.76;225.21
198.00;117.07;p;119.79;3.80;90.00;0.00;9.76;230.02
198.00;126.83;p;118.58;2.59;90.00;0.00;9.76;235.14
198.00;136.59;p;119.79;0.29;90.00;0.00;9.76;240.54
198.00;146.34;p;118.58;0.73;90.00;0.00;9.76;246.21
198.00;156.10;p;119.79;0.00;90.00;0.00;9.76;252.13
198.00;165.85;p;119.79;2.15;90.00;0.00;9.76;258.29
198.00;175.61;p;118.58;0.99;90.00;0.00;9.76;264.66
198.00;185.37;p;119.79;0.49;90.00;0.00;9.76;271.23
198.00;195.12;p;118.58;2.92;90.00;0.00;9.76;277.99
198.00;204.88;p;119.79;3.88;90.00;0.00;9.76;284.92
198.00;214.63;p;118.58;1.95;90.00;0.00;9.76;292.01
198.00;224.39;p;119.79;1.87;90.00;0.00;9.76;299.26
198.00;234.15;p;119.79;1.55;90.00;0.00;9.76;306.64
198.00;243.90;p;118.58;6.49;90.00;0.00;9.76;314.15
198.00;253.66;p;119.79;2.36;90.00;0.00;9.76;321.79
198.00;263.41;p;118.58;3.95;90.00;0.00;9.76;329.53
198.00;273.17;p;119.79;2.61;90.00;0.00;9.76;337.38
198.00;282.93;p;118.58;0.81;90.00;0.00;9.76;345.33
198.00;292.68;p;119.79;0.67;90.00;0.00;9.76;353.37
198.00;302.44;p;118.58;1.66;90.00;0.00;9.76;361.49
198.00;312.20;p;119.79;1.06;90.00;0.00;9.76;369.69
198.00;321.95;p;119.79;2.58;90.00;0.00;9.76;377.96
198.00;331.71;p;118.58;5.07;90.00;0.00;9.76;386.31
198.00;341.46;p;119.79;4.52;90.00;0.00;9.76;394.72
198.00;351.22;p;118.58;9.02;90.00;0.00;9.76;403.19
198.00;360.98;p;119.79;3.41;90.00;0.00;9.76;411.71
198.00;370.73;p;118.58;1.83;90.00;0.00;9.76;420.29
198.00;380.49;p;119.79;0.55;90.00;0.00;9.76;428.92
198.00;390.24;p;119.79;1.41;90.00;0.00;9.76;437.60
198.00;400.00;y;29.15;0.00;90.00;-90.00;0.00;446.32
198.00;400.00;p;73.81;1.17;-0.00;0.00;6.00;446.32
204.00;400.00;p;73.81;1.88;-0.00;0.00;6.00;449.02
210.00;400.00;y;29.10;0.00;-0.00;-90.00;0.00;451.77
210.00;400.00;p;119.79;0.00;-90.00;0.00;9.76;451.77
210.00;390.24;p;119.79;0.00;-90.00;0.00;9.76;443.16
210.00;380.49;p;118.58;0.49;-90.00;0.00;9.76;434.59
210.00;370.73;p;119.79;3.23;-90.00;0.00;9.76;426.08
210.00;360.98;p;118.58;5.65;-90.00;0.00;9.76;417.62
210.00;351.22;p;119.79;6.66;-90.00;0.00;9.76;409.21
210.00;341.46;p;118.58;4.02;-90.00;0.00;9.76;400.87
210.00;331.71;p;119.79;0.91;-90.00;0.00;9.76;392.59
210.00;321.95;p;119.79;0.05;-90.00;0.00;9.76;384.39
210.00;312.20;p;118.58;1.60;-90.00;0.00;9.76;376.25
210.00;302.44;p;119.79;6.51;-90.00;0.00;9.76;368.20
210.00;292.68;p;118.58;3.14;-90.00;0.00;9.76;360.23
210.00;282.93;p;119.79;4.36;-90.00;0.00;9.76;352.35
210.00;273.17;p;118.58;4.04;-90.00;0.00;9.76;344.56
210.00;263.41;p;119.79;10.85;-90.00;0.00;9.76;336.88
210.00;253.66;p;118.58;1.60;-90.00;0.00;9.76;329.31
210.00;243.90;p;119.79;1.13;-90.00;0.00;9.76;321.85
210.00;234.15;p;119.79;0.52;-90.00;0.00;9.76;314.52
210.00;224.39;p;118.58;3.66;-90.00;0.00;9.76;307.33
210.00;214.63;p;119.79;0.00;-90.00;0.00;9.76;300.28
210.00;204.88;p;118.58;4.38;-90.00;0.00;9.76;293.39
210.00;195.12;p;119.79;1.83;-90.00;0.00;9.76;286.66
210.00;185.37;p;118.58;0.71;-90.00;0.00;9.76;280.11
210.00;175.61;p;119.79;1.25;-90.00;0.00;9.76;273.75
210.00;165.85;p;119.79;2.50;-90.00;0.00;9.76;267.60
210.00;156.10;p;118.58;0.00;-90.00;0.00;9.76;261.66
210.00;146.34;p;119.79;1.29;-90.00;0.00;9.76;255.96
210.00;136.59;p;118.58;5.69;-90.00;0.00;9.76;250.51
210.00;126.83;p;119.79;3.56;-90.00;0.00;9.76;245.33
210.00;117.07;p;118.58;2.26;-90.00;0.00;9.76;240.43
210.00;107.32;p;119.79;1.90;-90.00;0.00;9.76;235.83
210.00;97.56;p;118.58;0.49;-90.00;0.00;9.76;231.56
210.00;87.80;p;119.79;1.21;-90.00;0.00;9.76;227.62
210.00;78.05;p;119.79;2.18;-90.00;0.00;9.76;224.03
210.00;68.29;p;118.58;3.01;-90.00;0.00;9.76;220.83
210.00;58.54;p;119.79;9.05;-90.00;0.00;9.76;218.01
210.00;48.78;p;118.58;7.83;-90.00;0.00;9.76;215.59
210.00;39.02;p;119.79;1.59;-90.00;0.00;9.76;213.60
210.00;29.27;p;118.58;1.12;-90.00;0.00;9.76;212.03
210.00;19.51;p;119.79;0.46;-90.00;0.00;9.76;210.90
210.00;9.76;p;118.58;1.64;-90.00;0.00;9.76;210.23
210.00;0.00;y;28.62;0.00;-90.00;90.00;0.00;210.00
210.00;0.00;p;37.21;0.00;-0.00;0.00;6.00;210.00
216.00;0.00;p;37.21;0.01;-0.00;0.00;6.00;216.00
222.00;0.00;y;28.58;3.50;-0.00;90.00;0.00;222.00
222.00;0.00;p;118.58;0.00;90.00;0.00;9.76;222.00
222.00;9.76;p;119.79;0.01;90.00;0.00;9.76;222.21
222.00;19.51;p;118.58;3.72;90.00;0.00;9.76;222.86
222.00;29.27;p;119.79;3.91;90.00;0.00;9.76;223.92
222.00;39.02;p;118.58;12.95;90.00;0.00;9.76;225.40
222.00;48.78;p;119.79;19.37;90.00;0.00;9.76;227.30
222.00;58.54;p;118.58;6.82;90.00;0.00;9.76;229.59
222.00;68.29;p;119.79;0.18;90.00;0.00;9.76;232.27
222.00;78.05;p;119.79;0.01;90.00;0.00;9.76;235.32
222.00;87.80;p;118.58;0.49;90.00;0.00;9.76;238.73
222.00;97.56;p;119.79;2.93;90.00;0.00;9.76;242.49
222.00;107.32;p;118.58;7.01;90.00;0.00;9.76;246.58
222.00;117.07;p;119.79;2.42;90.00;0.00;9.76;250.98
222.00;126.83;p;118.58;4.28;90.00;0.00;9.76;255.67
222.00;136.59;p;119.79;2.67;90.00;0.00;9.76;260.65
222.00;146.34;p;118.58;1.59;90.00;0.00;9.76;265.89
222.00;156.10;p;119.79;1.05;90.00;0.00;9.76;271.39
222.00;165.85;p;119.79;3.64;90.00;0.00;9.76;277.11
222.00;175.61;p;118.58;0.00;90.00;0.00;9.76;283.06
222.00;185.37;p;119.79;3.34;90.00;0.00;9.76;289.21
222.00;195.12;p;118.58;1.09;90.00;0.00;9.76;295.56
222.00;204.88;p;119.79;2.53;90.00;0.00;9.76;302.09
222.00;214.63;p;118.58;1.02;90.00;0.00;9.76;308.79
222.00;224.39;p;119.79;0.54;90.00;0.00;9.76;315.65
222.00;234.15;p;119.79;1.49;90.00;0.00;9.76;322.66
222.00;243.90;p;118.58;1.80;90.00;0.00;9.76;329.81
222.00;253.66;p;119.79;2.39;90.00;0.00;9.76;337.09
222.00;263.41;p;118.58;0.29;90.00;0.00;9.76;344.49
222.00;273.17;p;119.79;0.10;90.00;0.00;9.76;352.00
222.00;282.93;p;118.58;3.03;90.00;0.00;9.76;359.63
222.00;292.68;p;119.79;2.40;90.00;0.00;9.76;367.35
222.00;302.44;p;118.58;2.74;90.00;0.00;9.76;375.17
222.00;312.20;p;119.79;3.85;90.00;0.00;9.76;383.08
222.00;321.95;p;119.79;0.96;90.00;0.00;9.76;391.07
222.00;331.71;p;118.58;0.81;90.00;0.00;9.76;399.14
222.00;341.46;p;119.79;2.86;90.00;0.00;9.76;407.29
222.00;351.22;p;118.58;6.47;90.00;0.00;9.76;415.50
222.00;360.98;p;119.79;5.60;90.00;0.00;9.76;423.78
222.00;370.73;p;118.58;0.00;90.00;0.00;9.76;432.12
222.00;380.49;p;119.79;1.02;90.00;0.00;9.76;440.52
222.00;390.24;p;119.79;4.26;90.00;0.00;9.76;448.97
222.00;400.00;y;29.15;0.00;90.00;-90.00;0.00;457.48
222.00;400.00;p;73.81;0.29;-0.00;0.00;6.00;457.48
228.00;400.00;p;73.81;0.53;-0.00;0.00;6.00;460.42
234.00;400.00;y;29.10;0.14;-0.00;-90.00;0.00;463.42
234.00;400.00;p;119.79;0.29;-90.00;0.00;9.76;463.42
234.00;390.24;p;119.79;1.91;-90.00;0.00;9.76;455.02
234.00;380.49;p;118.58;0.83;-90.00;0.00;9.76;446.68
234.00;370.73;p;119.79;4.42;-90.00;0.00;9.76;438.40
234.00;360.98;p;118.58;4.97;-90.00;0.00;9.76;430.19
234.00;351.22;p;119.79;5.31;-90.00;0.00;9.76;422.03
234.00;341.46;p;118.58;2.46;-90.00;0.00;9.76;413.95
234.00;331.71;p;119.79;2.00;-90.00;0.00;9.76;405.94
234.00;321.95;p;119.79;4.74;-90.00;0.00;9.76;398.01
234.00;312.20;p;118.58;1.41;-90.00;0.00;9.76;390.16
234.00;302.44;p;119.79;0.20;-90.00;0.00;9.76;382.39
234.00;292.68;p;118.58;7.70;-90.00;0.00;9.76;374.73
234.00;282.93;p;119.79;4.34;-90.00;0.00;9.76;367.16
234.00;273.17;p;118.58;2.98;-90.00;0.00;9.76;359.69
234.00;263.41;p;119.79;3.32;-90.00;0.00;9.76;352.34
234.00;253.66;p;118.58;6.28;-90.00;0.00;9.76;345.11
234.00;243.90;p;119.79;3.62;-90.00;0.00;9.76;338.00
234.00;234.15;p;119.79;3.47;-90.00;0.00;9.76;331.03
234.00;224.39;p;118.58;1.07;-90.00;0.00;9.76;324.20
234.00;214.63;p;119.79;0.62;-90.00;0.00;9.76;317.53
234.00;204.88;p;118.58;2.74;-90.00;0.00;9.76;311.02
234.00;195.12;p;119.79;1.34;-90.00;0.00;9.76;304.68
234.00;185.37;p;118.58;5.65;-90.00;0.00;9.76;298.52
234.00;175.61;p;119.79;2.27;-90.00;0.00;9.76;292.57
234.00;165.85;p;119.79;0.30;-90.00;0.00;9.76;286.82
234.00;156.10;p;118.58;0.00;-90.00;0.00;9.76;281.29
234.00;146.34;p;119.79;3.23;-90.00;0.00;9.76;275.99
234.00;136.59;p;118.58;1.95;-90.00;0.00;9.76;270.95
234.00;126.83;p;119.79;1.05;-90.00;0.00;9.76;266.16
234.00;117.07;p;118.58;3.91;-90.00;0.00;9.76;261.65
234.00;107.32;p;119.79;1.78;-90.00;0.00;9.76;257.44
234.00;97.56;p;118.58;3.02;-90.00;0.00;9.76;253.52
234.00;87.80;p;119.79;1.43;-90.00;0.00;9.76;249.93
234.00;78.05;p;119.79;0.00;-90.00;0.00;9.76;246.67
234.00;68.29;p;118.58;5.73;-90.00;0.00;9.76;243.76
234.00;58.54;p;119.79;3.17;-90.00;0.00;9.76;241.21
234.00;48.78;p;118.58;0.42;-90.00;0.00;9.76;239.03
234.00;39.02;p;119.79;0.01;-90.00;0.00;9.76;237.23
234.00;29.27;p;118.58;2.70;-90.00;0.00;9.76;235.82
234.00;19.51;p;119.79;0.37;-90.00;0.00;9.76;234.81
234.00;9.76;p;118.58;4.76;-90.00;0.00;9.76;234.20
234.00;0.00;y;28.62;0.00;-90.00;90.00;0.00;234.00
234.00;0.00;p;37.21;0.00;-0.00;0.00;6.00;234.00
240.00;0.00;p;37.21;0.00;-0.00;0.00;6.00;240.00
246.00;0.00;y;28.58;1.19;-0.00;90.00;0.00;246.00
246.00;0.00;p;118.58;0.28;90.00;0.00;9.76;246.00
246.00;9.76;p;119.79;2.20;90.00;0.00;9.76;246.19
246.00;19.51;p;118.58;1.72;90.00;0.00;9.76;246.77
246.00;29.27;p;119.79;0.78;90.00;0.00;9.76;247.74
246.00;39.02;p;118.58;0.75;90.00;0.00;9.76;249.08
246.00;48.78;p;119.79;1.13;90.00;0.00;9.76;250.79
246.00;58.54;p;118.58;0.14;90.00;0.00;9.76;252.87
246.00;68.29;p;119.79;1.83;90.00;0.00;9.76;255.30
246.00;78.05;p;119.79;2.46;90.00;0.00;9.76;258.08
246.00;87.80;p;118.58;3.66;90.00;0.00;9.76;261.20
246.00;97.56;p;119.79;1.94;90.00;0.00;9.76;264.64
246.00;107.32;p;118.58;0.05;90.00;0.00;9.76;268.39
246.00;117.07;p;119.79;3.42;90.00;0.00;9.76;272.44
246.00;126.83;p;118.58;1.47;90.00;0.00;9.76;276.77
246.00;136.59;p;119.79;6.00;90.00;0.00;9.76;281.37
246.00;146.34;p;118.58;4.45;90.00;0.00;9.76;286.24
246.00;156.10;p;119.79;0.14;90.00;0.00;9.76;291.35
246.00;165.85;p;119.79;3.64;90.00;0.00;9.76;296.69
246.00;175.61;p;118.58;0.74;90.00;0.00;9.76;302.25
246.00;185.37;p;119.79;3.29;90.00;0.00;9.76;308.02
246.00;195.12;p;118.58;0.81;90.00;0.00;9.76;313.99
246.00;204.88;p;119.79;2.32;90.00;0.00;9.76;320.14
246.00;214.63;p;118.58;4.90;90.00;0.00;9.76;326.47
246.00;224.39;p;119.79;0.49;90.00;0.00;9.76;332.97
246.00;234.15;p;119.79;0.49;90.00;0.00;9.76;339.62
246.00;243.90;p;118.58;0.26;90.00;0.00;9.76;346.42
246.00;253.66;p;119.79;0.00;90.00;0.00;9.76;353.35
246.00;263.41;p;118.58;1.45;90.00;0.00;9.76;360.42
246.00;273.17;p;119.79;2.03;90.00;0.00;9.76;367.61
246.00;282.93;p;118.58;1.35;90.00;0.00;9.76;374.92
246.00;292.68;p;119.79;0.42;90.00;0.00;9.76;382.33
246.00;302.44;p;118.58;0.14;90.00;0.00;9.76;389.85
246.00;312.20;p;119.79;6.63;90.00;0.00;9.76;397.47
246.00;321.95;p;119.79;0.96;90.00;0.00;9.76;405.18
246.00;331.71;p;118.58;0.00;90.00;0.00;9.76;412.97
246.00;341.46;p;119.79;0.88;90.00;0.00;9.76;420.85
246.00;351.22;p;118.58;2.26;90.00;0.00;9.76;428.80
246.00;360.98;p;119.79;0.53;90.00;0.00;9.76;436.83
246.00;370.73;p;118.58;1.13;90.00;0.00;9.76;444.92
246.00;380.49;p;119.79;1.68;90.00;0.00;9.76;453.09
246.00;390.24;p;119.79;3.80;90.00;0.00;9.76;461.31
246.00;400.00;y;29.15;0.73;90.00;-90.00;0.00;469.59
246.00;400.00;p;73.81;0.81;-0.00;0.00;6.00;469.59
252.00;400.00;p;73.81;0.05;-0.00;0.00;6.00;472.76
258.00;400.00;y;29.10;0.23;-0.00;-90.00;0.00;475.99
258.00;400.00;p;119.79;3.23;-90.00;0.00;9.76;475.99
258.00;390.24;p;119.79;3.52;-90.00;0.00;9.76;467.82
258.00;380.49;p;118.58;0.59;-90.00;0.00;9.76;459.71
258.00;370.73;p;119.79;3.27;-90.00;0.00;9.76;451.67
258.00;360.98;p;118.58;1.90;-90.00;0.00;9.76;443.70
258.00;351.22;p;119.79;0.49;-90.00;0.00;9.76;435.80
258.00;341.46;p;118.58;0.49;-90.00;0.00;9.76;427.97
258.00;331.71;p;119.79;2.48;-90.00;0.00;9.76;420.23
258.00;321.95;p;119.79;2.90;-90.00;0.00;9.76;412.57
258.00;312.20;p;118.58;0.86;-90.00;0.00;9.76;405.01
258.00;302.44;p;119.79;0.53;-90.00;0.00;9.76;397.53
258.00;292.68;p;118.58;1.89;-90.00;0.00;9.76;390.16
258.00;282.93;p;119.79;5.89;-90.00;0.00;9.76;382.90
258.00;273.17;p;118.58;4.76;-90.00;0.00;9.76;375.75
258.00;263.41;p;119.79;0.54;-90.00;0.00;9.76;368.72
258.00;253.66;p;118.58;0.29;-90.00;0.00;9.76;361.81
258.00;243.90;p;119.79;0.29;-90.00;0.00;9.76;355.04
258.00;234.15;p;119.79;1.35;-90.00;0.00;9.76;348.41
258.00;224.39;p;118.58;0.00;-90.00;0.00;9.76;341.93
258.00;214.63;p;119.79;0.32;-90.00;0.00;9.76;335.61
258.00;204.88;p;118.58;0.31;-90.00;0.00;9.76;329.45
258.00;195.12;p;119.79;0.44;-90.00;0.00;9.76;323.48
258.00;185.37;p;118.58;8.28;-90.00;0.00;9.76;317.69
258.00;175.61;p;119.79;1.78;-90.00;0.00;9.76;312.09
258.00;165.85;p;119.79;1.71;-90.00;0.00;9.76;306.71
258.00;156.10;p;118.58;2.66;-90.00;0.00;9.76;301.55
258.00;146.34;p;119.79;5.23;-90.00;0.00;9.76;296.61
258.00;136.59;p;118.58;2.60;-90.00;0.00;9.76;291.92
258.00;126.83;p;119.79;2.58;-90.00;0.00;9.76;287.49
258.00;117.07;p;118.58;0.13;-90.00;0.00;9.76;283.32
258.00;107.32;p;119.79;5.70;-90.00;0.00;9.76;279.43
258.00;97.56;p;118.58;1.95;-90.00;0.00;9.76;275.83
258.00;87.80;p;119.79;0.29;-90.00;0.00;9.76;272.53
258.00;78.05;p;119.79;1.54;-90.00;0.00;9.76;269.55
258.00;68.29;p;118.58;3.89;-90.00;0.00;9.76;266.89
258.00;58.54;p;119.79;4.92;-90.00;0.00;9.76;264.56
258.00;48.78;p;118.58;6.09;-90.00;0.00;9.76;262.57
258.00;39.02;p;119.79;11.01;-90.00;0.00;9.76;260.93
258.00;29.27;p;118.58;6.37;-90.00;0.00;9.76;259.65
258.00;19.51;p;119.79;8.20;-90.00;0.00;9.76;258.74
258.00;9.76;p;118.58;3.71;-90.00;0.00;9.76;258.18
258.00;0.00;y;28.62;0.00;-90.00;90.00;0.00;258.00
258.00;0.00;p;37.21;0.00;-0.00;0.00;6.00;258.00
264.00;0.00;p;37.21;0.00;-0.00;0.00;6.00;264.00
270.00;0.00;y;28.58;0.00;-0.00;90.00;0.00;270.00
270.00;0.00;p;118.58;0.49;90.00;0.00;9.76;270.00
270.00;9.76;p;119.79;1.75;90.00;0.00;9.76;270.18
270.00;19.51;p;118.58;0.79;90.00;0.00;9.76;270.70
270.00;29.27;p;119.79;2.97;90.00;0.00;9.76;271.58
270.00;39.02;p;118.58;0.46;90.00;0.00;9.76;272.81
270.00;48.78;p;119.79;0.34;90.00;0.00;9.76;274.37
270.00;58.54;p;118.58;0.00;90.00;0.00;9.76;276.27
270.00;68.29;p;119.79;2.31;90.00;0.00;9.76;278.50
270.00;78.05;p;119.79;0.68;90.00;0.00;9.76;281.05
270.00;87.80;p;118.58;2.71;90.00;0.00;9.76;283.92
270.00;97.56;p;119.79;0.87;90.00;0.00;9.76;287.09
270.00;107.32;p;118.58;4.05;90.00;0.00;9.76;290.55
270.00;117.07;p;119.79;1.70;90.00;0.00;9.76;294.29
270.00;126.83;p;118.58;4.48;90.00;0.00;9.76;298.30
270.00;136.59;p;119.79;0.01;90.00;0.00;9.76;302.58
270.00;146.34;p;118.58;1.73;90.00;0.00;9.76;307.11
270.00;156.10;p;119.79;0.12;90.00;0.00;9.76;311.88
270.00;165.85;p;119.79;2.88;90.00;0.00;9.76;316.87
270.00;175.61;p;118.58;3.27;90.00;0.00;9.76;322.09
270.00;185.37;p;119.79;0.36;90.00;0.00;9.76;327.51
270.00;195.12;p;118.58;6.87;90.00;0.00;9.76;333.13
270.00;204.88;p;119.79;6.01;90.00;0.00;9.76;338.93
270.00;214.63;p;118.58;0.00;90.00;0.00;9.76;344.92
270.00;224.39;p;119.79;5.30;90.00;0.00;9.76;351.07
270.00;234.15;p;119.79;4.08;90.00;0.00;9.76;357.39
270.00;243.90;p;118.58;0.13;90.00;0.00;9.76;363.85
270.00;253.66;p;119.79;1.91;90.00;0.00;9.76;370.46
270.00;263.41;p;118.58;2.81;90.00;0.00;9.76;377.21
270.00;273.17;p;119.79;9.02;90.00;0.00;9.76;384.09
270.00;282.93;p;118.58;4.91;90.00;0.00;9.76;391.09
270.00;292.68;p;119.79;0.26;90.00;0.00;9.76;398.20
270.00;302.44;p;118.58;0.49;90.00;0.00;9.76;405.42
270.00;312.20;p;119.79;0.00;90.00;0.00;9.76;412.75
270.00;321.95;p;119.79;1.33;90.00;0.00;9.76;420.18
270.00;331.71;p;118.58;0.80;90.00;0.00;9.76;427.70
270.00;341.46;p;119.79;0.96;90.00;0.00;9.76;435.31
270.00;351.22;p;118.58;0.05;90.00;0.00;9.76;443.01
270.00;360.98;p;119.79;1.60;90.00;0.00;9.76;450.78
270.00;370.73;p;118.58;1.85;90.00;0.00;9.76;458.63
270.00;380.49;p;119.79;4.23;90.00;0.00;9.76;466.55
270.00;390.24;p;119.79;5.29;90.00;0.00;9.76;474.54
270.00;400.00;y;29.15;0.12;90.00;-90.00;0.00;482.60
270.00;400.00;p;73.81;0.13;-0.00;0.00;6.00;482.60
276.00;400.00;p;73.81;1.13;-0.00;0.00;6.00;485.98
282.00;400.00;y;29.10;0.00;-0.00;-90.00;0.00;489.41
282.00;400.00;p;119.79;0.72;-90.00;0.00;9.76;489.41
282.00;390.24;p;119.79;2.69;-90.00;0.00;9.76;481.47
282.00;380.49;p;118.58;0.89;-90.00;0.00;9.76;473.60
282.00;370.73;p;119.79;5.12;-90.00;0.00;9.76;465.80
282.00;360.98;p;118.58;0.62;-90.00;0.00;9.76;458.07
282.00;351.22;p;119.79;2.34;-90.00;0.00;9.76;450.42
282.00;341.46;p;118.58;0.86;-90.00;0.00;9.76;442.86
282.00;331.71;p;119.79;5.04;-90.00;0.00;9.76;435.38
282.00;321.95;p;119.79;1.10;-90.00;0.00;9.76;427.99
282.00;312.20;p;118.58;2.27;-90.00;0.00;9.76;420.70
282.00;302.44;p;119.79;2.74;-90.00;0.00;9.76;413.51
282.00;292.68;p;118.58;0.00;-90.00;0.00;9.76;406.43
282.00;282.93;p;119.79;5.79;-90.00;0.00;9.76;399.46
282.00;273.17;p;118.58;1.74;-90.00;0.00;9.76;392.61
282.00;263.41;p;119.79;0.00;-90.00;0.00;9.76;385.89
282.00;253.66;p;118.58;0.20;-90.00;0.00;9.76;379.30
282.00;243.90;p;119.79;1.63;-90.00;0.00;9.76;372.84
282.00;234.15;p;119.79;1.41;-90.00;0.00;9.76;366.54
282.00;224.39;p;118.58;0.29;-90.00;0.00;9.76;360.38
282.00;214.63;p;119.79;0.18;-90.00;0.00;9.76;354.39
282.00;204.88;p;118.58;0.00;-90.00;0.00;9.76;348.57
282.00;195.12;p;119.79;1.63;-90.00;0.00;9.76;342.92
282.00;185.37;p;118.58;5.84;-90.00;0.00;9.76;337.47
282.00;175.61;p;119.79;0.66;-90.00;0.00;9.76;332.21
282.00;165.85;p;119.79;0.00;-90.00;0.00;9.76;327.16
282.00;156.10;p;118.58;4.02;-90.00;0.00;9.76;322.32
282.00;146.34;p;119.79;0.00;-90.00;0.00;9.76;317.71
282.00;136.59;p;118.58;0.76;-90.00;0.00;9.76;313.34
282.00;126.83;p;119.79;0.19;-90.00;0.00;9.76;309.21
282.00;117.07;p;118.58;3.01;-90.00;0.00;9.76;305.34
282.00;107.32;p;119.79;0.87;-90.00;0.00;9.76;301.73
282.00;97.56;p;118.58;0.83;-90.00;0.00;9.76;298.40
282.00;87.80;p;119.79;0.46;-90.00;0.00;9.76;295.35
282.00;78.05;p;119.79;0.53;-90.00;0.00;9.76;292.60
282.00;68.29;p;118.58;0.35;-90.00;0.00;9.76;290.15
282.00;58.54;p;119.79;5.39;-90.00;0.00;9.76;288.01
282.00;48.78;p;118.58;0.72;-90.00;0.00;9.76;286.19
282.00;39.02;p;119.79;3.60;-90.00;0.00;9.76;284.69
282.00;29.27;p;118.58;5.80;-90.00;0.00;9.76;283.51
282.00;19.51;p;119.79;5.47;-90.00;0.00;9.76;282.67
282.00;9.76;p;118.58;2.97;-90.00;0.00;9.76;282.17
282.00;0.00;y;28.62;0.00;-90.00;90.00;0.00;282.00
282.00;0.00;p;37.21;0.00;-0.00;0.00;6.00;282.00
288.00;0.00;p;37.21;1.92;-0.00;0.00;6.00;288.00
294.00;0.00;y;28.58;0.08;-0.00;90.00;0.00;294.00
294.00;0.00;p;118.58;0.29;90.00;0.00;9.76;294.00
294.00;9.76;p;119.79;1.62;90.00;0.00;9.76;294.16
294.00;19.51;p;118.58;0.00;90.00;0.00;9.76;294.65
294.00;29.27;p;119.79;0.45;90.00;0.00;9.76;295.45
294.00;39.02;p;118.58;4.66;90.00;0.00;9.76;296.58
294.00;48.78;p;119.79;4.16;90.00;0.00;9.76;298.02
294.00;58.54;p;118.58;0.86;90.00;0.00;9.76;299.77
294.00;68.29;p;119.79;0.01;90.00;0.00;9.76;301.83
294.00;78.05;p;119.79;2.85;90.00;0.00;9.76;304.18
294.00;87.80;p;118.58;0.44;90.00;0.00;9.76;306.83
294.00;97.56;p;119.79;0.29;90.00;0.00;9.76;309.76
294.00;107.32;p;118.58;0.85;90.00;0.00;9.76;312.97
294.00;117.07;p;119.79;4.02;90.00;0.00;9.76;316.45
294.00;126.83;p;118.58;0.18;90.00;0.00;9.76;320.19
294.00;136.59;p;119.79;2.07;90.00;0.00;9.76;324.18
294.00;146.34;p;118.58;4.62;90.00;0.00;9.76;328.41
294.00;156.10;p;119.79;2.74;90.00;0.00;9.76;332.87
294.00;165.85;p;119.79;1.05;90.00;0.00;9.76;337.56
294.00;175.61;p;118.58;0.13;90.00;0.00;9.76;342.45
294.00;185.37;p;119.79;0.49;90.00;0.00;9.76;347.56
294.00;195.12;p;118.58;2.25;90.00;0.00;9.76;352.86
294.00;204.88;p;119.79;4.73;90.00;0.00;9.76;358.34
294.00;214.63;p;118.58;4.04;90.00;0.00;9.76;364.01
294.00;224.39;p;119.79;0.01;90.00;0.00;9.76;369.85
294.00;234.15;p;119.79;2.20;90.00;0.00;9.76;375.85
294.00;243.90;p;118.58;1.13;90.00;0.00;9.76;382.00
294.00;253.66;p;119.79;1.84;90.00;0.00;9.76;388.30
294.00;263.41;p;118.58;1.42;90.00;0.00;9.76;394.74
294.00;273.17;p;119.79;1.47;90.00;0.00;9.76;401.32
294.00;282.93;p;118.58;1.05;90.00;0.00;9.76;408.02
294.00;292.68;p;119.79;0.65;90.00;0.00;9.76;414.85
294.00;302.44;p;118.58;5.22;90.00;0.00;9.76;421.79
294.00;312.20;p;119.79;3.77;90.00;0.00;9.76;428.84
294.00;321.95;p;119.79;1.63;90.00;0.00;9.76;435.99
294.00;331.71;p;118.58;4.79;90.00;0.00;9.76;443.24
294.00;341.46;p;119.79;1.08;90.00;0.00;9.76;450.59
294.00;351.22;p;118.58;1.87;90.00;0.00;9.76;458.03
294.00;360.98;p;119.79;5.31;90.00;0.00;9.76;465.55
294.00;370.73;p;118.58;6.57;90.00;0.00;9.76;473.16
294.00;380.49;p;119.79;1.54;90.00;0.00;9.76;480.84
294.00;390.24;p;119.79;0.49;90.00;0.00;9.76;488.60
294.00;400.00;y;29.15;0.00;90.00;-90.00;0.00;496.42
294.00;400.00;p;73.81;0.00;-0.00;0.00;6.00;496.42
300.00;400.00;p;73.81;0.00;-0.00;0.00;6.00;500.00
306.00;400.00;y;29.10;0.86;-0.00;-90.00;0.00;503.62
306.00;400.00;p;119.79;0.47;-90.00;0.00;9.76;503.62
306.00;390.24;p;119.79;0.00;-90.00;0.00;9.76;495.91
306.00;380.49;p;118.58;5.90;-90.00;0.00;9.76;488.27
306.00;370.73;p;119.79;4.48;-90.00;0.00;9.76;480.71
306.00;360.98;p;118.58;6.17;-90.00;0.00;9.76;473.22
306.00;351.22;p;119.79;3.37;-90.00;0.00;9.76;465.82
306.00;341.46;p;118.58;0.06;-90.00;0.00;9.76;458.51
306.00;331.71;p;119.79;4.78;-90.00;0.00;9.76;451.29
306.00;321.95;p;119.79;1.77;-90.00;0.00;9.76;444.17
306.00;312.20;p;118.58;1.73;-90.00;0.00;9.76;437.15
306.00;302.44;p;119.79;0.03;-90.00;0.00;9.76;430.24
306.00;292.68;p;118.58;2.54;-90.00;0.00;9.76;423.44
306.00;282.93;p;119.79;1.43;-90.00;0.00;9.76;416.75
306.00;273.17;p;118.58;0.95;-90.00;0.00;9.76;410.19
306.00;263.41;p;119.79;0.87;-90.00;0.00;9.76;403.76
306.00;253.66;p;118.58;1.49;-90.00;0.00;9.76;397.47
306.00;243.90;p;119.79;2.14;-90.00;0.00;9.76;391.31
306.00;234.15;p;119.79;1.75;-90.00;0.00;9.76;385.31
306.00;224.39;p;118.58;0.97;-90.00;0.00;9.76;379.46
306.00;214.63;p;119.79;0.29;-90.00;0.00;9.76;373.77
306.00;204.88;p;118.58;5.38;-90.00;0.00;9.76;368.25
306.00;195.12;p;119.79;3.40;-90.00;0.00;9.76;362.92
306.00;185.37;p;118.58;4.42;-90.00;0.00;9.76;357.77
306.00;175.61;p;119.79;1.00;-90.00;0.00;9.76;352.81
306.00;165.85;p;119.79;1.05;-90.00;0.00;9.76;348.06
306.00;156.10;p;118.58;2.76;-90.00;0.00;9.76;343.51
306.00;146.34;p;119.79;2.85;-90.00;0.00;9.76;339.19
306.00;136.59;p;118.58;0.49;-90.00;0.00;9.76;335.10
306.00;126.83;p;119.79;0.72;-90.00;0.00;9.76;331.24
306.00;117.07;p;118.58;0.93;-90.00;0.00;9.76;327.63
306.00;107.32;p;119.79;0.13;-90.00;0.00;9.76;324.27
306.00;97.56;p;118.58;0.94;-90.00;0.00;9.76;321.18
306.00;87.80;p;119.79;0.05;-90.00;0.00;9.76;318.35
306.00;78.05;p;119.79;3.39;-90.00;0.00;9.76;315.80
306.00;68.29;p;118.58;0.18;-90.00;0.00;9.76;313.53
306.00;58.54;p;119.79;1.30;-90.00;0.00;9.76;311.55
306.00;48.78;p;118.58;2.04;-90.00;0.00;9.76;309.86
306.00;39.02;p;119.79;6.58;-90.00;0.00;9.76;308.48
306.00;29.27;p;118.58;5.75;-90.00;0.00;9.76;307.40
306.00;19.51;p;119.79;0.00;-90.00;0.00;9.76;306.62
306.00;9.76;p;118.58;0.73;-90.00;0.00;9.76;306.16
306.00;0.00;y;28.62;0.00;-90.00;90.00;0.00;306.00
306.00;0.00;p;37.21;0.00;-0.00;0.00;6.00;306.00
312.00;0.00;p;37.21;2.21;-0.00;0.00;6.00;312.00
318.00;0.00;y;28.58;0.00;-0.00;90.00;0.00;318.00
318.00;0.00;p;118.58;2.26;90.00;0.00;9.76;318.00
318.00;9.76;p;119.79;0.57;90.00;0.00;9.76;318.15
318.00;19.51;p;118.58;0.70;90.00;0.00;9.76;318.60
318.00;29.27;p;119.79;0.57;90.00;0.00;9.76;319.34
318.00;39.02;p;118.58;0.00;90.00;0.00;9.76;320.39
318.00;48.78;p;119.79;0.78;90.00;0.00;9.76;321.72
318.00;58.54;p;118.58;4.63;90.00;0.00;9.76;323.34
318.00;68.29;p;119.79;0.49;90.00;0.00;9.76;325.25
318.00;78.05;p;119.79;0.83;90.00;0.00;9.76;327.44
318.00;87.80;p;118.58;0.58;90.00;0.00;9.76;329.90
318.00;97.56;p;119.79;1.34;90.00;0.00;9.76;332.63
318.00;107.32;p;118.58;1.46;90.00;0.00;9.76;335.62
318.00;117.07;p;119.79;1.47;90.00;0.00;9.76;338.87
318.00;126.83;p;118.58;2.30;90.00;0.00;9.76;342.36
318.00;136.59;p;119.79;2.38;90.00;0.00;9.76;346.09
318.00;146.34;p;118.58;0.48;90.00;0.00;9.76;350.06
318.00;156.10;p;119.79;3.27;90.00;0.00;9.76;354.25
318.00;165.85;p;119.79;0.42;90.00;0.00;9.76;358.65
318.00;175.61;p;118.58;0.00;90.00;0.00;9.76;363.27
318.00;185.37;p;119.79;1.75;90.00;0.00;9.76;368.08
318.00;195.12;p;118.58;0.97;90.00;0.00;9.76;373.09
318.00;204.88;p;119.79;1.14;90.00;0.00;9.76;378.28
318.00;214.63;p;118.58;2.20;90.00;0.00;9.76;383.66
318.00;224.39;p;119.79;4.38;90.00;0.00;9.76;389.20
318.00;234.15;p;119.79;2.23;90.00;0.00;9.76;394.90
318.00;243.90;p;118.58;1.94;90.00;0.00;9.76;400.76
318.00;253.66;p;119.79;3.07;90.00;0.00;9.76;406.78
318.00;263.41;p;118.58;1.67;90.00;0.00;9.76;412.93
318.00;273.17;p;119.79;0.89;90.00;0.00;9.76;419.22
318.00;282.93;p;118.58;4.63;90.00;0.00;9.76;425.64
318.00;292.68;p;119.79;0.00;90.00;0.00;9.76;432.19
318.00;302.44;p;118.58;6.23;90.00;0.00;9.76;438.85
318.00;312.20;p;119.79;5.84;90.00;0.00;9.76;445.63
318.00;321.95;p;119.79;1.22;90.00;0.00;9.76;452.52
318.00;331.71;p;118.58;1.20;90.00;0.00;9.76;459.51
318.00;341.46;p;119.79;5.58;90.00;0.00;9.76;466.61
318.00;351.22;p;118.58;4.76;90.00;0.00;9.76;473.79
318.00;360.98;p;119.79;1.05;90.00;0.00;9.76;481.07
318.00;370.73;p;118.58;3.82;90.00;0.00;9.76;488.43
318.00;380.49;p;119.79;0.00;90.00;0.00;9.76;495.88
318.00;390.24;p;119.79;0.00;90.00;0.00;9.76;503.40
318.00;400.00;y;29.15;0.00;90.00;-90.00;0.00;511.00
318.00;400.00;p;73.81;6.43;-0.00;0.00;6.00;511.00
324.00;400.00;p;73.81;1.79;-0.00;0.00;6.00;514.76
330.00;400.00;y;29.10;2.78;-0.00;-90.00;0.00;518.56
330.00;400.00;p;119.79;0.41;-90.00;0.00;9.76;518.56
330.00;390.24;p;119.79;0.58;-90.00;0.00;9.76;511.07
330.00;380.49;p;118.58;0.49;-90.00;0.00;9.76;503.66
330.00;370.73;p;119.79;2.23;-90.00;0.00;9.76;496.33
330.00;360.98;p;118.58;1.50;-90.00;0.00;9.76;489.08
330.00;351.22;p;119.79;1.83;-90.00;0.00;9.76;481.93
330.00;341.46;p;118.58;0.71;-90.00;0.00;9.76;474.87
330.00;331.71;p;119.79;2.12;-90.00;0.00;9.76;467.90
330.00;321.95;p;119.79;0.80;-90.00;0.00;9.76;461.03
330.00;312.20;p;118.58;3.94;-90.00;0.00;9.76;454.28
330.00;302.44;p;119.79;2.92;-90.00;0.00;9.76;447.63
330.00;292.68;p;118.58;3.80;-90.00;0.00;9.76;441.09
330.00;282.93;p;119.79;2.11;-90.00;0.00;9.76;434.68
330.00;273.17;p;118.58;2.83;-90.00;0.00;9.76;428.39
330.00;263.41;p;119.79;1.60;-90.00;0.00;9.76;422.24
330.00;253.66;p;118.58;1.34;-90.00;0.00;9.76;416.22
330.00;243.90;p;119.79;2.17;-90.00;0.00;9.76;410.35
330.00;234.15;p;119.79;6.23;-90.00;0.00;9.76;404.63
330.00;224.39;p;118.58;4.01;-90.00;0.00;9.76;399.06
330.00;214.63;p;119.79;1.81;-90.00;0.00;9.76;393.66
330.00;204.88;p;118.58;0.64;-90.00;0.00;9.76;388.43
330.00;195.12;p;119.79;3.47;-90.00;0.00;9.76;383.37
330.00;185.37;p;118.58;3.85;-90.00;0.00;9.76;378.50
330.00;175.61;p;119.79;2.17;-90.00;0.00;9.76;373.82
330.00;165.85;p;119.79;2.41;-90.00;0.00;9.76;369.33
330.00;156.10;p;118.58;0.11;-90.00;0.00;9.76;365.06
330.00;146.34;p;119.79;4.27;-90.00;0.00;9.76;360.99
330.00;136.59;p;118.58;4.15;-90.00;0.00;9.76;357.15
330.00;126.83;p;119.79;6.70;-90.00;0.00;9.76;353.53
330.00;117.07;p;118.58;1.76;-90.00;0.00;9.76;350.15
330.00;107.32;p;119.79;0.98;-90.00;0.00;9.76;347.01
330.00;97.56;p;118.58;1.37;-90.00;0.00;9.76;344.12
330.00;87.80;p;119.79;0.60;-90.00;0.00;9.76;341.48
330.00;78.05;p;119.79;1.39;-90.00;0.00;9.76;339.10
330.00;68.29;p;118.58;1.67;-90.00;0.00;9.76;336.99
330.00;58.54;p;119.79;2.37;-90.00;0.00;9.76;335.15
330.00;48.78;p;118.58;2.64;-90.00;0.00;9.76;333.59
330.00;39.02;p;119.79;1.60;-90.00;0.00;9.76;332.30
330.00;29.27;p;118.58;0.00;-90.00;0.00;9.76;331.30
330.00;19.51;p;119.79;3.38;-90.00;0.00;9.76;330.58
330.00;9.76;p;118.58;1.82;-90.00;0.00;9.76;330.14
330.00;0.00;y;28.62;0.00;-90.00;90.00;0.00;330.00
330.00;0.00;p;37.21;0.00;-0.00;0.00;6.00;330.00
336.00;0.00;p;37.21;1.47;-0.00;0.00;6.00;336.00
342.00;0.00;y;28.58;0.00;-0.00;90.00;0.00;342.00
342.00;0.00;p;118.58;0.05;90.00;0.00;9.76;342.00
342.00;9.76;p;119.79;0.57;90.00;0.00;9.76;342.14
342.00;19.51;p;118.58;1.77;90.00;0.00;9.76;342.56
342.00;29.27;p;119.79;2.55;90.00;0.00;9.76;343.25
342.00;39.02;p;118.58;3.07;90.00;0.00;9.76;344.22
342.00;48.78;p;119.79;1.97;90.00;0.00;9.76;345.46
342.00;58.54;p;118.58;1.49;90.00;0.00;9.76;346.97
342.00;68.29;p;119.79;1.75;90.00;0.00;9.76;348.75
342.00;78.05;p;119.79;0.23;90.00;0.00;9.76;350.79
342.00;87.80;p;118.58;0.60;90.00;0.00;9.76;353.09
342.00;97.56;p;119.79;0.00;90.00;0.00;9.76;355.64
342.00;107.32;p;118.58;0.35;90.00;0.00;9.76;358.44
342.00;117.07;p;119.79;2.33;90.00;0.00;9.76;361.48
342.00;126.83;p;118.58;4.53;90.00;0.00;9.76;364.76
342.00;136.59;p;119.79;0.86;90.00;0.00;9.76;368.27
342.00;146.34;p;118.58;4.40;90.00;0.00;9.76;371.99
342.00;156.10;p;119.79;6.45;90.00;0.00;9.76;375.94
342.00;165.85;p;119.79;1.26;90.00;0.00;9.76;380.09
342.00;175.61;p;118.58;2.77;90.00;0.00;9.76;384.45
342.00;185.37;p;119.79;0.74;90.00;0.00;9.76;389.00
342.00;195.12;p;118.58;6.09;90.00;0.00;9.76;393.75
342.00;204.88;p;119.79;0.00;90.00;0.00;9.76;398.67
342.00;214.63;p;118.58;5.14;90.00;0.00;9.76;403.77
342.00;224.39;p;119.79;1.75;90.00;0.00;9.76;409.04
342.00;234.15;p;119.79;4.77;90.00;0.00;9.76;414.47
342.00;243.90;p;118.58;0.92;90.00;0.00;9.76;420.06
342.00;253.66;p;119.79;0.63;90.00;0.00;9.76;425.80
342.00;263.41;p;118.58;6.52;90.00;0.00;9.76;431.68
342.00;273.17;p;119.79;1.34;90.00;0.00;9.76;437.71
342.00;282.93;p;118.58;2.47;90.00;0.00;9.76;443.86
342.00;292.68;p;119.79;1.01;90.00;0.00;9.76;450.14
342.00;302.44;p;118.58;2.13;90.00;0.00;9.76;456.55
342.00;312.20;p;119.79;1.72;90.00;0.00;9.76;463.07
342.00;321.95;p;119.79;1.03;90.00;0.00;9.76;469.70
342.00;331.71;p;118.58;0.48;90.00;0.00;9.76;476.44
342.00;341.46;p;119.79;3.06;90.00;0.00;9.76;483.28
342.00;351.22;p;118.58;5.06;90.00;0.00;9.76;490.22
342.00;360.98;p;119.79;3.53;90.00;0.00;9.76;497.26
342.00;370.73;p;118.58;1.15;90.00;0.00;9.76;504.39
342.00;380.49;p;119.79;1.34;90.00;0.00;9.76;511.60
342.00;390.24;p;119.79;4.17;90.00;0.00;9.76;518.90
342.00;400.00;y;29.15;1.19;90.00;-90.00;0.00;526.27
342.00;400.00;p;73.81;0.00;-0.00;0.00;6.00;526.27
348.00;400.00;p;73.81;0.00;-0.00;0.00;6.00;530.19
354.00;400.00;y;29.10;0.00;-0.00;-90.00;0.00;534.15
354.00;400.00;p;119.79;0.49;-90.00;0.00;9.76;534.15
354.00;390.24;p;119.79;1.33;-90.00;0.00;9.76;526.88
354.00;380.49;p;118.58;0.76;-90.00;0.00;9.76;519.70
354.00;370.73;p;119.79;2.86;-90.00;0.00;9.76;512.60
354.00;360.98;p;118.58;0.17;-90.00;0.00;9.76;505.59
354.00;351.22;p;119.79;1.77;-90.00;0.00;9.76;498.67
354.00;341.46;p;118.58;2.40;-90.00;0.00;9.76;491.85
354.00;331.71;p;119.79;0.84;-90.00;0.00;9.76;485.12
354.00;321.95;p;119.79;0.49;-90.00;0.00;9.76;478.51
354.00;312.20;p;118.58;1.11;-90.00;0.00;9.76;472.00
354.00;302.44;p;119.79;3.58;-90.00;0.00;9.76;465.60
354.00;292.68;p;118.58;2.23;-90.00;0.00;9.76;459.32
354.00;282.93;p;119.79;0.29;-90.00;0.00;9.76;453.17
354.00;273.17;p;118.58;1.77;-90.00;0.00;9.76;447.14
354.00;263.41;p;119.79;0.00;-90.00;0.00;9.76;441.25
354.00;253.66;p;118.58;1.79;-90.00;0.00;9.76;435.50
354.00;243.90;p;119.79;7.26;-90.00;0.00;9.76;429.89
354.00;234.15;p;119.79;2.70;-90.00;0.00;9.76;424.43
354.00;224.39;p;118.58;0.85;-90.00;0.00;9.76;419.13
354.00;214.63;p;119.79;0.11;-90.00;0.00;9.76;413.99
354.00;204.88;p;118.58;2.10;-90.00;0.00;9.76;409.01
354.00;195.12;p;119.79;0.49;-90.00;0.00;9.76;404.21
354.00;185.37;p;118.58;1.62;-90.00;0.00;9.76;399.60
354.00;175.61;p;119.79;0.22;-90.00;0.00;9.76;395.16
354.00;165.85;p;119.79;2.71;-90.00;0.00;9.76;390.93
354.00;156.10;p;118.58;2.61;-90.00;0.00;9.76;386.89
354.00;146.34;p;119.79;3.17;-90.00;0.00;9.76;383.06
354.00;136.59;p;118.58;0.78;-90.00;0.00;9.76;379.44
354.00;126.83;p;119.79;2.21;-90.00;0.00;9.76;376.03
354.00;117.07;p;118.58;5.60;-90.00;0.00;9.76;372.86
354.00;107.32;p;119.79;1.73;-90.00;0.00;9.76;369.91
354.00;97.56;p;118.58;2.70;-90.00;0.00;9.76;367.20
354.00;87.80;p;119.79;5.13;-90.00;0.00;9.76;364.73
354.00;78.05;p;119.79;7.57;-90.00;0.00;9.76;362.50
354.00;68.29;p;118.58;4.64;-90.00;0.00;9.76;360.53
354.00;58.54;p;119.79;4.91;-90.00;0.00;9.76;358.81
354.00;48.78;p;118.58;1.94;-90.00;0.00;9.76;357.35
354.00;39.02;p;119.79;3.88;-90.00;0.00;9.76;356.14
354.00;29.27;p;118.58;3.10;-90.00;0.00;9.76;355.21
354.00;19.51;p;119.79;1.06;-90.00;0.00;9.76;354.54
354.00;9.76;p;118.58;1.49;-90.00;0.00;9.76;354.13
354.00;0.00;y;28.62;0.00;-90.00;90.00;0.00;354.00
354.00;0.00;p;37.21;0.00;-0.00;0.00;6.00;354.00
360.00;0.00;p;37.21;0.65;-0.00;0.00;6.00;360.00
366.00;0.00;y;28.58;0.00;-0.00;90.00;0.00;366.00
366.00;0.00;p;118.58;0.00;90.00;0.00;9.76;366.00
366.00;9.76;p;119.79;1.81;90.00;0.00;9.76;366.13
366.00;19.51;p;118.58;6.89;90.00;0.00;9.76;366.52
366.00;29.27;p;119.79;5.57;90.00;0.00;9.76;367.17
366.00;39.02;p;118.58;0.36;90.00;0.00;9.76;368.07
366.00;48.78;p;119.79;5.86;90.00;0.00;9.76;369.24
366.00;58.54;p;118.58;7.13;90.00;0.00;9.76;370.65
366.00;68.29;p;119.79;1.83;90.00;0.00;9.76;372.32
366.00;78.05;p;119.79;0.64;90.00;0.00;9.76;374.23
366.00;87.80;p;118.58;1.34;90.00;0.00;9.76;376.39
366.00;97.56;p;119.79;0.94;90.00;0.00;9.76;378.78
366.00;107.32;p;118.58;0.78;90.00;0.00;9.76;381.41
366.00;117.07;p;119.79;3.79;90.00;0.00;9.76;384.27
366.00;126.83;p;118.58;0.98;90.00;0.00;9.76;387.35
366.00;136.59;p;119.79;1.34;90.00;0.00;9.76;390.66
366.00;146.34;p;118.58;0.28;90.00;0.00;9.76;394.17
366.00;156.10;p;119.79;0.46;90.00;0.00;9.76;397.90
366.00;165.85;p;119.79;1.82;90.00;0.00;9.76;401.83
366.00;175.61;p;118.58;0.31;90.00;0.00;9.76;405.95
366.00;185.37;p;119.79;7.05;90.00;0.00;9.76;410.26
366.00;195.12;p;118.58;3.23;90.00;0.00;9.76;414.76
366.00;204.88;p;119.79;5.92;90.00;0.00;9.76;419.44
366.00;214.63;p;118.58;0.23;90.00;0.00;9.76;424.29
366.00;224.39;p;119.79;3.50;90.00;0.00;9.76;429.31
366.00;234.15;p;119.79;2.30;90.00;0.00;9.76;434.49
366.00;243.90;p;118.58;1.29;90.00;0.00;9.76;439.82
366.00;253.66;p;119.79;0.00;90.00;0.00;9.76;445.31
366.00;263.41;p;118.58;0.54;90.00;0.00;9.76;450.94
366.00;273.17;p;119.79;5.03;90.00;0.00;9.76;456.70
366.00;282.93;p;118.58;0.98;90.00;0.00;9.76;462.61
366.00;292.68;p;119.79;0.14;90.00;0.00;9.76;468.64
366.00;302.44;p;118.58;3.14;90.00;0.00;9.76;474.79
366.00;312.20;p;119.79;2.24;90.00;0.00;9.76;481.06
366.00;321.95;p;119.79;5.50;90.00;0.00;9.76;487.45
366.00;331.71;p;118.58;3.20;90.00;0.00;9.76;493.95
366.00;341.46;p;119.79;1.63;90.00;0.00;9.76;500.55
366.00;351.22;p;118.58;1.31;90.00;0.00;9.76;507.26
366.00;360.98;p;119.79;1.32;90.00;0.00;9.76;514.06
366.00;370.73;p;118.58;9.30;90.00;0.00;9.76;520.96
366.00;380.49;p;119.79;4.74;90.00;0.00;9.76;527.95
366.00;390.24;p;119.79;4.77;90.00;0.00;9.76;535.02
366.00;400.00;y;29.15;0.29;90.00;-90.00;0.00;542.18
366.00;400.00;p;73.81;0.28;-0.00;0.00;6.00;542.18
372.00;400.00;p;73.81;1.03;-0.00;0.00;6.00;546.25
378.00;400.00;y;29.10;0.00;-0.00;-90.00;0.00;550.35
378.00;400.00;p;119.79;2.71;-90.00;0.00;9.76;550.35
378.00;390.24;p;119.79;1.84;-90.00;0.00;9.76;543.30
378.00;380.49;p;118.58;1.98;-90.00;0.00;9.76;536.33
378.00;370.73;p;119.79;0.23;-90.00;0.00;9.76;529.46
378.00;360.98;p;118.58;0.86;-90.00;0.00;9.76;522.67
378.00;351.22;p;119.79;1.71;-90.00;0.00;9.76;515.98
378.00;341.46;p;118.58;2.96;-90.00;0.00;9.76;509.39
378.00;331.71;p;119.79;0.15;-90.00;0.00;9.76;502.91
378.00;321.95;p;119.79;2.24;-90.00;0.00;9.76;496.52
378.00;312.20;p;118.58;2.89;-90.00;0.00;9.76;490.25
378.00;302.44;p;119.79;0.06;-90.00;0.00;9.76;484.10
378.00;292.68;p;118.58;0.13;-90.00;0.00;9.76;478.07
378.00;282.93;p;119.79;0.00;-90.00;0.00;9.76;472.16
378.00;273.17;p;118.58;0.47;-90.00;0.00;9.76;466.38
378.00;263.41;p;119.79;11.96;-90.00;0.00;9.76;460.73
378.00;253.66;p;118.58;0.00;-90.00;0.00;9.76;455.22
378.00;243.90;p;119.79;3.07;-90.00;0.00;9.76;449.86
378.00;234.15;p;119.79;4.15;-90.00;0.00;9.76;444.64
378.00;224.39;p;118.58;0.49;-90.00;0.00;9.76;439.59
378.00;214.63;p;119.79;0.32;-90.00;0.00;9.76;434.69
378.00;204.88;p;118.58;0.42;-90.00;0.00;9.76;429.95
378.00;195.12;p;119.79;4.04;-90.00;0.00;9.76;425.39
378.00;185.37;p;118.58;3.18;-90.00;0.00;9.76;421.00
378.00;175.61;p;119.79;2.56;-90.00;0.00;9.76;416.80
378.00;165.85;p;119.79;0.49;-90.00;0.00;9.76;412.78
378.00;156.10;p;118.58;1.59;-90.00;0.00;9.76;408.96
378.00;146.34;p;119.79;1.38;-90.00;0.00;9.76;405.34
378.00;136.59;p;118.58;1.42;-90.00;0.00;9.76;401.92
378.00;126.83;p;119.79;1.62;-90.00;0.00;9.76;398.71
378.00;117.07;p;118.58;0.13;-90.00;0.00;9.76;395.71
378.00;107.32;p;119.79;0.98;-90.00;0.00;9.76;392.94
378.00;97.56;p;118.58;1.42;-90.00;0.00;9.76;390.39
378.00;87.80;p;119.79;0.05;-90.00;0.00;9.76;388.06
378.00;78.05;p;119.79;0.73;-90.00;0.00;9.76;385.97
378.00;68.29;p;118.58;0.68;-90.00;0.00;9.76;384.12
378.00;58.54;p;119.79;0.00;-90.00;0.00;9.76;382.51
378.00;48.78;p;118.58;1.83;-90.00;0.00;9.76;381.13
378.00;39.02;p;119.79;0.00;-90.00;0.00;9.76;380.01
378.00;29.27;p;118.58;1.58;-90.00;0.00;9.76;379.13
378.00;19.51;p;119.79;2.55;-90.00;0.00;9.76;378.50
378.00;9.76;p;118.58;1.62;-90.00;0.00;9.76;378.13
378.00;0.00;y;28.62;0.00;-90.00;90.00;0.00;378.00
378.00;0.00;p;37.21;0.00;-0.00;0.00;6.00;378.00
384.00;0.00;p;37.21;0.00;-0.00;0.00;6.00;384.00
390.00;0.00;y;28.58;0.81;-0.00;90.00;0.00;390.00
390.00;0.00;p;118.58;0.49;90.00;0.00;9.76;390.00
390.00;9.76;p;119.79;3.20;90.00;0.00;9.76;390.12
390.00;19.51;p;118.58;0.69;90.00;0.00;9.76;390.49
390.00;29.27;p;119.79;1.49;90.00;0.00;9.76;391.10
390.00;39.02;p;118.58;1.60;90.00;0.00;9.76;391.95
390.00;48.78;p;119.79;3.44;90.00;0.00;9.76;393.04
390.00;58.54;p;118.58;0.26;90.00;0.00;9.76;394.37
390.00;68.29;p;119.79;0.57;90.00;0.00;9.76;395.93
390.00;78.05;p;119.79;0.00;90.00;0.00;9.76;397.73
390.00;87.80;p;118.58;0.78;90.00;0.00;9.76;399.76
390.00;97.56;p;119.79;1.36;90.00;0.00;9.76;402.02
390.00;107.32;p;118.58;1.33;90.00;0.00;9.76;404.50
390.00;117.07;p;119.79;1.12;90.00;0.00;9.76;407.19
390.00;126.83;p;118.58;7.33;90.00;0.00;9.76;410.10
390.00;136.59;p;119.79;2.48;90.00;0.00;9.76;413.23
390.00;146.34;p;118.58;0.58;90.00;0.00;9.76;416.55
390.00;156.10;p;119.79;7.89;90.00;0.00;9.76;420.08
390.00;165.85;p;119.79;0.41;90.00;0.00;9.76;423.80
390.00;175.61;p;118.58;4.28;90.00;0.00;9.76;427.71
390.00;185.37;p;119.79;0.81;90.00;0.00;9.76;431.81
390.00;195.12;p;118.58;0.00;90.00;0.00;9.76;436.09
390.00;204.88;p;119.79;0.81;90.00;0.00;9.76;440.54
390.00;214.63;p;118.58;2.19;90.00;0.00;9.76;445.16
390.00;224.39;p;119.79;1.73;90.00;0.00;9.76;449.95
390.00;234.15;p;119.79;1.27;90.00;0.00;9.76;454.89
390.00;243.90;p;118.58;0.29;90.00;0.00;9.76;459.99
390.00;253.66;p;119.79;9.43;90.00;0.00;9.76;465.23
390.00;263.41;p;118.58;5.36;90.00;0.00;9.76;470.62
390.00;273.17;p;119.79;0.50;90.00;0.00;9.76;476.15
390.00;282.93;p;118.58;0.90;90.00;0.00;9.76;481.82
390.00;292.68;p;119.79;1.08;90.00;0.00;9.76;487.61
390.00;302.44;p;118.58;1.30;90.00;0.00;9.76;493.53
390.00;312.20;p;119.79;0.14;90.00;0.00;9.76;499.57
390.00;321.95;p;119.79;3.92;90.00;0.00;9.76;505.72
390.00;331.71;p;118.58;4.77;90.00;0.00;9.76;511.99
390.00;341.46;p;119.79;1.88;90.00;0.00;9.76;518.36
390.00;351.22;p;118.58;5.13;90.00;0.00;9.76;524.84
390.00;360.98;p;119.79;1.53;90.00;0.00;9.76;531.42
390.00;370.73;p;118.58;1.99;90.00;0.00;9.76;538.09
390.00;380.49;p;119.79;0.71;90.00;0.00;9.76;544.86
390.00;390.24;p;119.79;0.29;90.00;0.00;9.76;551.72
390.00;400.00;y;29.15;3.80;90.00;-90.00;0.00;558.66
390.00;400.00;p;73.81;0.01;-0.00;0.00;6.00;558.66
396.00;400.00;p;73.81;1.45;-0.00;0.00;6.00;562.86
402.00;400.00;y;29.10;0.00;-0.00;-90.00;0.00;567.10
402.00;400.00;p;119.79;2.33;-90.00;0.00;9.76;567.10
402.00;390.24;p;119.79;1.44;-90.00;0.00;9.76;560.26
402.00;380.49;p;118.58;1.78;-90.00;0.00;9.76;553.51
402.00;370.73;p;119.79;3.56;-90.00;0.00;9.76;546.85
402.00;360.98;p;118.58;4.89;-90.00;0.00;9.76;540.28
402.00;351.22;p;119.79;1.83;-90.00;0.00;9.76;533.82
402.00;341.46;p;118.58;14.33;-90.00;0.00;9.76;527.45
402.00;331.71;p;119.79;17.59;-90.00;0.00;9.76;521.18
402.00;321.95;p;119.79;1.76;-90.00;0.00;9.76;515.03
402.00;312.20;p;118.58;1.41;-90.00;0.00;9.76;508.99
402.00;302.44;p;119.79;1.49;-90.00;0.00;9.76;503.06
402.00;292.68;p;118.58;2.52;-90.00;0.00;9.76;497.26
402.00;282.93;p;119.79;5.72;-90.00;0.00;9.76;491.58
402.00;273.17;p;118.58;0.00;-90.00;0.00;9.76;486.03
402.00;263.41;p;119.79;5.98;-90.00;0.00;9.76;480.62
402.00;253.66;p;118.58;0.00;-90.00;0.00;9.76;475.34
402.00;243.90;p;119.79;0.29;-90.00;0.00;9.76;470.20
402.00;234.15;p;119.79;3.48;-90.00;0.00;9.76;465.22
402.00;224.39;p;118.58;2.26;-90.00;0.00;9.76;460.39
402.00;214.63;p;119.79;0.95;-90.00;0.00;9.76;455.71
402.00;204.88;p;118.58;3.04;-90.00;0.00;9.76;451.20
402.00;195.12;p;119.79;0.47;-90.00;0.00;9.76;446.85
402.00;185.37;p;118.58;1.23;-90.00;0.00;9.76;442.68
402.00;175.61;p;119.79;1.98;-90.00;0.00;9.76;438.68
402.00;165.85;p;119.79;0.13;-90.00;0.00;9.76;434.87
402.00;156.10;p;118.58;2.50;-90.00;0.00;9.76;431.24
402.00;146.34;p;119.79;3.82;-90.00;0.00;9.76;427.81
402.00;136.59;p;118.58;1.53;-90.00;0.00;9.76;424.57
402.00;126.83;p;119.79;0.73;-90.00;0.00;9.76;421.53
402.00;117.07;p;118.58;0.11;-90.00;0.00;9.76;418.70
402.00;107.32;p;119.79;3.08;-90.00;0.00;9.76;416.08
402.00;97.56;p;118.58;4.42;-90.00;0.00;9.76;413.67
402.00;87.80;p;119.79;3.62;-90.00;0.00;9.76;411.48
402.00;78.05;p;119.79;1.18;-90.00;0.00;9.76;409.51
402.00;68.29;p;118.58;0.98;-90.00;0.00;9.76;407.76
402.00;58.54;p;119.79;0.00;-90.00;0.00;9.76;406.24
402.00;48.78;p;118.58;7.09;-90.00;0.00;9.76;404.95
402.00;39.02;p;119.79;1.79;-90.00;0.00;9.76;403.89
402.00;29.27;p;118.58;0.10;-90.00;0.00;9.76;403.06
402.00;19.51;p;119.79;2.86;-90.00;0.00;9.76;402.47
402.00;9.76;p;118.58;2.25;-90.00;0.00;9.76;402.12
402.00;0.00;y;28.58;0.00;-90.00;-90.00;0.00;402.00
